EmployeeNumber,EnvironmentSatisfaction,Attrition,PercentSalaryHike,PerformanceRating,RelationshipSatisfaction,StandardHours,StockOptionLevel,TotalWorkingYears,TrainingTimesLastYear,WorkLifeBalance,YearsAtCompany,YearsInCurrentRole,YearsSinceLastPromotion,YearsWithCurrManager
1,2,Yes,11,3,1,80,0,8,0,1,6,4,0,5
2,3,No,23,4,4,80,1,10,3,3,10,7,1,7
4,4,Yes,15,3,2,80,0,7,3,3,0,0,0,0
5,4,No,11,3,3,80,0,8,3,3,8,7,3,0
7,1,No,12,3,4,80,1,6,3,3,2,2,2,2
8,4,No,13,3,3,80,0,8,2,2,7,7,3,6
10,3,No,20,4,1,80,3,12,3,2,1,0,0,0
11,4,No,22,4,2,80,1,1,2,3,1,0,0,0
12,4,No,21,4,2,80,0,10,2,3,9,7,1,8
13,3,No,13,3,2,80,2,17,3,2,7,7,7,7
14,1,No,13,3,3,80,1,6,5,3,5,4,0,3
15,4,No,12,3,4,80,0,10,3,3,9,5,0,8
16,1,No,17,3,4,80,1,5,1,2,5,2,4,3
18,2,No,11,3,3,80,1,3,2,3,2,2,1,2
19,3,Yes,14,3,2,80,0,6,4,3,4,2,0,3
20,2,No,11,3,3,80,1,10,1,3,10,9,8,8
21,1,No,12,3,4,80,2,7,5,2,6,2,0,5
22,4,No,13,3,2,80,2,1,2,2,1,0,0,0
23,1,No,16,3,3,80,0,31,3,3,25,8,3,7
24,4,No,11,3,3,80,0,6,3,3,3,2,1,2
26,1,No,18,3,4,80,1,5,5,2,4,2,1,3
27,3,Yes,23,4,2,80,0,10,4,3,5,3,0,3
28,1,No,11,3,3,80,0,13,4,3,12,6,2,11
30,3,No,14,3,4,80,0,0,6,3,0,0,0,0
31,2,Yes,11,3,3,80,0,8,2,3,4,2,1,3
32,3,No,11,3,4,80,1,26,3,2,14,13,4,8
33,2,Yes,22,4,2,80,0,10,5,3,10,2,6,7
35,3,No,11,3,4,80,1,10,2,3,9,7,4,2
36,1,No,14,3,4,80,1,24,4,3,22,6,5,17
38,2,No,12,3,4,80,0,22,2,2,2,2,2,1
39,3,No,11,3,4,80,0,7,3,3,1,1,0,0
40,4,No,13,3,4,80,0,9,5,4,4,2,1,3
41,4,No,13,3,1,80,0,10,5,3,10,0,1,8
42,4,Yes,14,3,3,80,1,19,6,4,1,0,0,0
45,2,Yes,16,3,1,80,1,6,2,2,2,0,2,0
46,4,No,12,3,4,80,2,6,3,2,5,3,1,4
47,1,Yes,14,3,3,80,0,3,2,3,3,2,0,2
49,4,No,13,3,1,80,0,2,3,3,2,2,2,2
51,2,No,14,3,4,80,1,6,3,4,1,1,0,0
52,3,No,19,3,1,80,2,10,3,3,5,3,1,3
53,3,No,12,3,3,80,1,1,3,3,1,0,0,0
54,4,No,13,3,4,80,1,1,6,3,1,0,0,0
55,1,Yes,12,3,3,80,0,1,2,2,1,0,0,1
56,4,No,15,3,4,80,0,9,0,3,9,8,1,7
57,3,No,23,4,4,80,0,12,2,3,12,8,3,7
58,2,Yes,12,3,4,80,0,23,0,3,22,15,15,8
60,2,No,20,4,3,80,0,10,2,3,9,5,8,7
61,2,No,21,4,1,80,0,8,1,3,1,0,0,0
62,1,No,21,4,3,80,0,14,4,3,9,6,0,8
63,4,No,19,3,4,80,0,1,2,3,1,0,0,1
64,1,Yes,13,3,4,80,0,23,2,3,1,0,0,0
65,3,Yes,13,3,3,80,0,2,3,2,2,2,2,2
68,2,No,21,4,3,80,1,9,2,2,4,3,1,3
70,3,No,13,3,3,80,1,10,3,3,4,0,2,3
72,3,No,19,3,3,80,1,5,2,2,2,2,0,0
73,1,No,12,3,3,80,0,15,1,3,15,14,8,12
74,2,No,22,4,4,80,1,9,3,2,9,8,1,8
75,3,No,15,3,3,80,1,4,3,3,2,2,2,2
76,4,No,22,4,4,80,1,10,3,2,7,7,1,7
77,1,No,18,3,3,80,1,7,2,4,7,5,0,7
78,1,No,22,4,2,80,1,9,3,3,9,8,7,8
79,4,No,11,3,4,80,0,10,2,3,10,3,9,9
80,2,No,12,3,4,80,1,29,2,2,27,3,13,8
81,1,No,11,3,4,80,0,28,3,2,21,16,7,9
83,3,No,13,3,2,80,3,17,2,3,17,14,12,8
84,4,No,14,3,3,80,3,21,2,3,5,0,0,2
85,2,No,13,3,3,80,0,6,3,3,6,5,0,3
86,2,No,17,3,3,80,1,25,2,3,1,0,0,0
88,2,No,13,3,4,80,1,5,2,2,3,2,1,2
90,4,Yes,17,3,1,80,1,2,0,2,1,0,0,0
91,1,No,11,3,4,80,0,20,2,2,4,3,1,3
94,3,No,23,4,4,80,1,6,3,3,5,4,0,4
95,3,No,17,3,2,80,0,1,4,3,1,1,1,0
96,2,No,17,3,2,80,2,10,3,3,10,4,0,9
97,2,No,12,3,2,80,0,5,3,3,1,0,0,0
98,3,No,23,4,4,80,0,11,2,3,11,7,1,8
100,3,No,14,3,2,80,0,16,2,3,15,13,2,8
101,4,No,14,3,2,80,0,17,3,4,0,0,0,0
102,1,No,13,3,1,80,0,16,3,4,5,2,0,2
103,2,No,22,4,4,80,1,16,2,3,4,2,0,2
104,4,No,12,3,3,80,2,10,1,2,10,8,3,0
105,2,No,18,3,1,80,0,6,3,3,6,4,0,4
106,1,No,14,3,4,80,1,24,4,3,1,0,1,0
107,2,No,12,3,4,80,3,17,3,3,13,11,1,9
110,1,No,15,3,3,80,0,5,2,3,5,2,1,3
112,4,No,11,3,1,80,0,37,3,2,6,4,0,2
113,3,No,13,3,3,80,1,3,3,3,0,0,0,0
116,4,No,23,4,2,80,2,10,4,3,4,2,0,3
117,3,No,19,3,1,80,3,11,3,3,11,10,10,8
118,3,Yes,16,3,4,80,0,9,3,3,9,8,4,7
119,3,No,22,4,4,80,1,22,3,2,22,3,11,11
120,3,No,22,4,4,80,0,11,2,1,10,7,1,0
121,3,No,12,3,2,80,3,11,4,2,11,8,2,7
124,3,No,13,3,3,80,1,21,5,2,10,9,9,5
125,2,No,16,3,1,80,0,12,0,3,11,8,5,7
126,1,No,12,3,1,80,1,16,5,1,4,3,0,3
128,1,No,21,4,1,80,1,4,2,2,3,2,0,2
129,2,No,15,3,2,80,0,5,3,4,5,4,0,4
131,4,No,13,3,3,80,0,38,1,2,37,10,1,8
132,2,No,12,3,3,80,1,17,3,4,3,2,1,2
133,3,Yes,22,4,4,80,0,7,3,3,3,2,0,2
134,4,No,13,3,4,80,0,1,2,3,1,0,0,0
137,4,Yes,18,3,2,80,0,1,5,3,1,0,1,0
138,1,No,14,3,3,80,0,16,3,3,16,13,2,10
139,3,No,14,3,4,80,1,17,2,4,1,0,0,0
140,3,No,21,4,4,80,1,30,3,3,3,2,2,2
141,1,No,19,3,1,80,0,28,1,2,8,3,0,7
142,3,Yes,11,3,4,80,0,6,1,3,6,4,0,3
143,4,No,11,3,3,80,2,2,2,3,2,2,2,1
144,2,No,15,3,3,80,0,1,5,3,0,0,0,0
145,1,No,20,4,3,80,0,23,1,2,13,12,12,8
147,1,Yes,24,4,4,80,0,9,3,3,9,7,0,6
148,4,No,12,3,3,80,0,23,3,3,5,3,4,4
150,2,No,12,3,3,80,1,6,2,3,5,3,1,2
151,3,No,15,3,3,80,1,12,3,3,1,0,0,0
152,3,No,12,3,1,80,0,12,3,3,5,3,1,3
153,3,No,12,3,4,80,0,14,6,3,11,10,5,8
154,2,No,14,3,3,80,1,10,6,3,9,7,2,8
155,1,No,22,4,1,80,1,7,2,3,1,0,0,0
158,3,No,12,3,4,80,2,25,3,4,25,12,4,12
159,1,No,25,4,3,80,3,10,2,2,10,7,0,9
160,3,No,13,3,1,80,1,8,2,4,7,7,0,7
161,2,Yes,18,3,1,80,3,7,2,3,5,4,4,3
162,1,No,13,3,3,80,0,23,5,3,20,18,15,15
163,2,Yes,18,3,2,80,0,12,3,2,7,7,7,7
164,3,No,19,3,3,80,0,5,3,2,5,4,4,3
165,4,Yes,12,3,4,80,1,40,3,2,40,10,15,6
167,4,Yes,19,3,4,80,0,0,2,2,0,0,0,0
169,3,No,14,3,3,80,1,3,2,3,2,1,2,1
170,3,No,14,3,3,80,0,16,2,2,15,11,5,11
171,2,No,12,3,4,80,0,18,2,3,3,2,1,2
174,3,No,11,3,4,80,0,16,3,3,2,2,2,1
175,2,Yes,11,3,3,80,1,4,2,3,2,2,2,2
176,3,No,13,3,3,80,1,12,2,3,9,7,0,7
177,3,No,23,4,4,80,1,8,3,3,8,7,5,7
178,2,No,20,4,4,80,2,7,0,3,3,2,0,1
179,1,Yes,15,3,4,80,0,18,2,3,4,2,0,3
182,4,No,14,3,3,80,1,17,1,4,15,11,5,9
183,1,No,18,3,4,80,0,6,3,3,2,2,2,2
184,3,No,19,3,4,80,0,12,2,1,11,9,4,7
190,1,Yes,22,4,1,80,0,10,2,4,5,4,0,4
192,3,No,13,3,2,80,0,9,2,2,6,5,0,3
193,4,No,20,4,2,80,0,19,2,3,3,2,2,2
194,1,No,14,3,3,80,0,5,4,2,5,4,0,4
195,4,No,17,3,4,80,3,9,2,4,8,7,0,7
197,4,No,14,3,4,80,1,8,3,3,3,2,2,2
198,2,No,13,3,4,80,0,6,3,3,5,3,1,2
199,4,No,13,3,2,80,1,21,2,2,7,6,7,7
200,3,No,21,4,4,80,1,7,2,3,5,0,1,4
201,2,No,14,3,4,80,0,1,3,3,1,0,0,0
202,2,No,11,3,1,80,1,20,2,3,20,7,2,13
204,3,No,13,3,1,80,2,10,3,3,10,8,0,6
205,2,No,20,4,4,80,1,13,3,1,7,7,4,5
206,2,No,18,3,3,80,1,20,2,1,17,9,0,15
207,2,No,14,3,4,80,0,9,2,3,9,8,3,7
208,4,No,13,3,1,80,1,10,1,3,10,7,0,9
211,2,No,17,3,3,80,0,10,2,3,1,0,0,0
214,2,No,20,4,2,80,1,9,3,2,1,0,0,0
215,3,No,11,3,1,80,1,15,2,2,12,11,2,11
216,3,No,18,3,4,80,1,6,3,3,4,3,1,2
217,3,No,24,4,1,80,2,2,6,3,2,2,2,2
218,4,No,18,3,4,80,1,6,1,1,2,2,2,2
221,3,No,11,3,3,80,1,5,2,1,5,2,0,2
223,3,No,16,3,2,80,1,12,2,1,5,3,1,4
224,3,No,15,3,4,80,1,1,2,2,1,1,0,1
226,3,No,15,3,2,80,0,21,5,3,5,4,4,4
227,1,No,12,3,1,80,1,13,2,3,9,8,1,8
228,2,No,12,3,3,80,1,12,2,3,10,9,7,4
230,1,No,22,4,3,80,0,12,2,4,8,3,0,7
231,3,No,20,4,1,80,0,8,2,3,5,4,1,4
233,3,No,16,3,4,80,1,6,3,2,5,2,1,1
235,3,Yes,21,4,1,80,0,1,5,4,0,0,0,0
238,4,No,12,3,3,80,0,13,3,2,8,7,7,2
239,3,No,11,3,3,80,2,12,4,3,12,9,6,10
240,3,No,11,3,1,80,1,9,3,4,5,4,0,3
241,3,No,18,3,3,80,1,19,3,3,2,2,2,2
242,3,No,14,3,1,80,0,4,2,4,3,1,0,2
243,2,Yes,22,4,3,80,0,1,3,2,1,0,1,0
244,2,No,25,4,3,80,3,24,2,3,24,13,15,7
245,3,No,12,3,3,80,0,2,3,3,2,2,2,1
246,3,No,23,4,3,80,1,7,0,3,4,2,0,2
247,4,No,15,3,4,80,0,9,3,3,3,2,1,2
248,2,Yes,22,4,4,80,0,4,5,2,4,3,0,2
249,3,No,15,3,4,80,1,5,2,2,3,2,0,2
250,4,No,11,3,3,80,2,5,3,3,4,2,1,3
252,4,No,13,3,4,80,1,8,5,3,8,7,1,6
253,4,No,14,3,2,80,1,21,2,3,20,8,9,9
254,3,No,11,3,4,80,0,36,3,3,24,15,2,15
256,4,No,17,3,3,80,0,10,2,2,10,9,1,9
258,4,No,18,3,3,80,0,21,6,3,7,7,1,0
259,3,No,14,3,1,80,1,34,5,3,33,18,11,9
260,4,No,16,3,4,80,0,7,2,2,7,7,0,3
261,2,Yes,13,3,1,80,0,8,1,3,1,0,0,1
262,4,No,14,3,4,80,3,7,3,4,5,4,2,2
264,1,No,23,4,4,80,1,22,1,3,20,8,11,8
267,2,No,12,3,1,80,1,8,3,2,8,7,1,7
269,2,No,11,3,4,80,0,10,5,3,6,2,1,2
270,3,No,16,3,2,80,1,11,5,3,5,3,0,2
271,4,No,14,3,2,80,0,14,3,3,1,0,0,0
273,4,No,18,3,1,80,1,9,3,1,7,7,1,7
274,3,No,19,3,3,80,1,6,1,3,2,2,2,0
275,4,No,15,3,1,80,2,7,0,3,7,7,1,7
277,4,No,17,3,4,80,1,5,4,4,5,3,2,0
281,3,No,15,3,3,80,1,15,2,4,7,2,3,7
282,2,Yes,19,3,2,80,0,17,2,3,1,0,0,0
283,2,Yes,22,4,4,80,3,10,3,2,10,4,1,9
284,4,No,16,3,1,80,1,4,2,2,4,2,2,2
286,2,No,13,3,1,80,0,8,2,3,8,1,1,7
287,4,No,14,3,4,80,1,5,5,1,3,2,0,2
288,4,No,16,3,3,80,1,17,3,3,4,2,0,3
291,4,Yes,11,3,3,80,0,14,2,2,14,8,9,8
292,3,No,22,4,3,80,0,12,2,3,11,8,5,8
293,4,No,14,3,4,80,0,7,2,3,7,7,0,7
296,2,No,16,3,4,80,2,16,5,1,10,9,4,7
297,4,Yes,11,3,3,80,0,8,5,3,5,2,0,4
298,4,No,18,3,3,80,0,16,3,3,1,0,0,0
299,3,Yes,15,3,3,80,0,9,5,2,6,3,0,1
300,3,Yes,14,3,4,80,0,7,1,2,6,2,1,5
302,4,No,12,3,4,80,0,23,2,3,19,7,12,8
303,4,No,14,3,4,80,1,16,4,3,6,2,0,5
304,4,No,16,3,4,80,0,16,3,4,13,11,3,7
305,3,No,21,4,4,80,0,7,3,3,3,2,1,1
306,2,No,14,3,3,80,3,10,1,3,10,8,0,7
307,1,No,12,3,3,80,2,17,6,2,16,10,5,13
308,3,No,12,3,4,80,1,6,2,3,5,4,1,4
309,3,No,17,3,1,80,1,7,6,3,1,0,0,0
311,1,No,17,3,3,80,1,13,2,3,9,8,5,8
312,2,No,14,3,4,80,1,11,5,3,11,10,4,1
314,3,No,14,3,1,80,0,10,3,4,10,7,0,8
315,3,Yes,13,3,3,80,0,4,3,2,4,3,0,1
316,3,No,15,3,2,80,0,6,3,2,2,2,2,2
319,3,No,11,3,4,80,0,22,3,3,22,17,11,15
321,2,No,17,3,4,80,0,7,2,2,2,2,2,2
323,4,No,11,3,3,80,1,32,3,2,7,0,0,6
325,3,Yes,13,3,3,80,1,8,2,1,5,4,0,4
327,4,No,22,4,3,80,1,22,3,3,17,13,1,9
328,1,Yes,20,4,1,80,0,13,3,4,9,7,1,7
329,1,No,18,3,4,80,0,33,2,4,33,7,15,12
330,3,No,11,3,1,80,1,6,5,3,4,3,1,2
331,4,Yes,14,3,4,80,0,4,2,1,3,2,1,2
332,3,No,14,3,3,80,3,7,1,3,3,2,1,2
333,3,No,18,3,1,80,0,4,2,3,3,2,2,2
334,3,No,16,3,1,80,2,17,2,2,1,0,0,0
335,1,No,17,3,1,80,2,9,3,3,9,8,4,7
336,3,No,11,3,3,80,1,25,2,3,24,0,1,7
337,2,No,12,3,1,80,1,9,3,3,2,2,2,2
338,3,No,13,3,3,80,1,2,2,2,2,2,0,2
339,4,No,13,3,2,80,1,13,3,3,11,9,5,9
340,3,No,14,3,1,80,1,17,2,2,3,1,0,2
341,1,No,17,3,4,80,1,9,1,3,3,2,0,2
342,1,Yes,11,3,2,80,2,17,5,3,1,0,0,0
343,3,No,25,4,4,80,0,20,1,3,19,6,11,8
346,3,No,19,3,1,80,0,6,1,3,6,5,1,5
347,4,No,13,3,3,80,0,10,1,3,3,2,0,2
349,4,No,14,3,4,80,1,10,2,3,3,2,0,2
350,1,No,12,3,4,80,2,5,3,3,4,2,1,2
351,4,No,11,3,3,80,1,10,4,3,9,6,7,8
352,1,No,19,3,4,80,1,22,5,3,21,7,3,9
353,3,No,11,3,2,80,0,1,0,2,1,0,0,0
355,3,Yes,11,3,2,80,0,6,2,4,5,4,1,4
359,2,No,20,4,3,80,0,5,3,1,5,1,0,3
361,4,No,18,3,4,80,1,13,0,3,8,7,7,5
362,4,No,13,3,4,80,0,9,5,3,6,2,0,4
363,3,No,12,3,2,80,1,28,2,2,7,7,7,7
364,1,Yes,11,3,3,80,0,5,5,1,0,0,0,0
366,1,No,19,3,2,80,2,10,2,3,0,0,0,0
367,2,No,21,4,2,80,1,10,2,3,9,0,7,8
369,2,No,12,3,4,80,2,6,2,3,6,3,1,5
372,3,No,14,3,2,80,0,21,2,3,20,7,4,10
373,4,No,11,3,3,80,1,16,4,3,15,13,10,11
374,4,No,14,3,3,80,0,37,2,3,36,10,4,13
376,1,Yes,12,3,4,80,1,10,2,2,10,7,9,9
377,4,No,23,4,4,80,1,5,3,2,5,2,0,4
378,3,No,14,3,2,80,1,7,5,4,5,4,0,1
379,4,No,17,3,1,80,0,3,4,4,3,2,1,0
380,1,No,18,3,1,80,2,15,2,3,5,2,0,2
381,2,No,18,3,2,80,1,10,6,2,7,7,6,2
382,1,No,24,4,3,80,1,8,3,3,8,0,7,7
384,3,No,20,4,1,80,1,6,6,1,6,5,1,4
385,1,No,14,3,1,80,2,28,4,2,10,4,1,6
386,3,No,16,3,4,80,3,21,5,2,5,3,1,3
387,2,No,25,4,3,80,0,20,3,3,20,16,11,6
388,2,No,18,3,1,80,0,10,3,2,10,7,0,9
389,2,No,19,3,4,80,1,12,4,3,10,7,0,8
390,1,No,13,3,3,80,1,5,3,3,5,3,3,3
391,4,No,12,3,2,80,0,17,3,3,17,12,5,7
392,4,Yes,22,4,4,80,1,19,0,1,1,0,0,0
393,4,No,14,3,2,80,1,10,2,3,2,2,1,2
394,1,Yes,13,3,4,80,1,5,2,3,3,2,0,2
395,4,No,21,4,4,80,0,5,3,3,5,3,0,2
396,3,No,11,3,4,80,0,22,4,3,3,2,1,2
397,3,No,12,3,4,80,0,10,2,3,8,0,7,7
399,4,No,11,3,3,80,1,2,5,2,2,2,2,2
401,4,Yes,12,3,2,80,0,8,0,3,8,7,7,4
403,2,No,12,3,3,80,3,4,3,2,4,2,1,2
404,3,No,14,3,4,80,1,23,2,4,20,4,4,8
405,3,Yes,13,3,3,80,0,0,2,3,0,0,0,0
406,3,No,15,3,3,80,2,12,3,2,11,9,6,9
407,3,No,18,3,4,80,2,4,2,3,1,0,0,0
408,4,No,18,3,4,80,1,13,3,3,4,1,1,2
410,4,No,19,3,2,80,0,22,2,3,22,10,0,4
411,4,No,12,3,1,80,0,0,2,3,0,0,0,0
412,2,No,19,3,3,80,0,9,2,3,8,3,0,7
416,2,No,11,3,2,80,1,10,3,2,8,7,7,7
417,3,No,17,3,1,80,3,19,5,2,18,10,3,7
419,2,No,15,3,3,80,1,11,3,3,9,8,0,8
420,4,No,14,3,3,80,1,13,3,2,13,8,4,8
421,1,No,17,3,3,80,1,19,2,3,10,8,0,1
422,4,No,13,3,4,80,1,12,2,3,5,3,1,2
423,3,No,12,3,3,80,1,6,4,3,5,2,0,3
424,1,No,12,3,4,80,0,9,1,3,2,2,1,0
425,1,No,18,3,1,80,1,24,2,3,24,9,9,11
426,3,No,18,3,2,80,1,3,2,1,2,2,2,2
428,4,No,11,3,2,80,2,12,2,3,10,6,8,8
429,3,No,14,3,4,80,0,21,3,3,21,9,11,10
430,3,No,19,3,1,80,0,9,5,3,8,7,1,7
431,3,No,12,3,4,80,0,25,2,3,7,1,0,7
433,3,Yes,15,3,1,80,0,11,3,2,8,2,7,7
434,3,No,12,3,2,80,0,4,2,2,4,3,1,2
436,3,No,11,3,4,80,0,13,2,3,13,12,11,9
437,4,No,11,3,1,80,0,5,3,3,5,4,0,4
438,4,No,12,3,4,80,3,13,3,3,7,7,1,7
439,1,No,16,3,3,80,0,10,0,2,7,7,0,7
440,1,Yes,13,3,4,80,0,5,4,2,3,2,2,2
441,4,No,13,3,4,80,2,11,2,3,10,8,1,9
442,3,No,24,4,1,80,1,10,2,3,10,9,8,9
444,3,No,15,3,1,80,1,21,2,3,21,9,13,3
445,4,Yes,18,3,1,80,0,12,3,2,1,0,0,0
446,2,No,14,3,3,80,0,9,6,2,7,7,0,1
447,4,No,11,3,2,80,1,21,2,3,3,2,1,1
448,3,No,11,3,2,80,1,9,3,4,9,7,0,0
449,3,No,13,3,4,80,1,6,0,3,5,4,1,4
450,4,No,12,3,4,80,0,20,4,2,4,3,0,3
451,3,No,16,3,1,80,1,10,1,2,1,0,0,0
452,4,No,14,3,1,80,2,12,3,3,10,9,9,8
453,2,No,22,4,3,80,3,6,2,2,4,3,0,2
454,2,Yes,11,3,4,80,0,7,4,2,7,7,0,7
455,2,No,17,3,3,80,0,4,2,3,3,2,2,2
456,4,No,13,3,3,80,3,10,2,3,10,9,1,2
458,2,No,18,3,1,80,1,8,3,3,8,7,0,7
460,4,No,16,3,3,80,2,8,2,2,6,2,0,4
461,3,No,14,3,2,80,1,12,3,3,11,10,2,9
462,3,No,14,3,3,80,0,11,2,2,11,9,4,10
463,4,No,14,3,1,80,2,7,2,3,7,7,1,7
464,3,No,13,3,4,80,0,17,5,3,16,6,0,13
465,3,No,12,3,3,80,2,4,2,2,4,2,0,2
466,4,No,15,3,4,80,0,8,3,3,5,4,1,2
467,2,No,19,3,1,80,0,5,3,3,0,0,0,0
468,1,No,14,3,2,80,0,16,2,3,1,0,0,0
469,4,No,14,3,1,80,1,4,3,2,4,3,0,2
470,3,No,11,3,3,80,1,4,5,3,3,2,1,0
471,3,No,13,3,3,80,1,8,4,3,8,0,0,7
473,1,No,21,4,2,80,1,15,3,1,0,0,0,0
474,3,No,13,3,1,80,2,13,2,3,7,7,6,7
475,4,No,12,3,2,80,1,4,2,4,2,2,2,2
476,3,No,17,3,2,80,1,8,3,3,8,7,7,7
477,1,No,23,4,2,80,0,14,6,3,1,0,0,0
478,1,Yes,11,3,3,80,0,3,3,3,3,2,1,2
479,4,No,15,3,2,80,0,7,6,3,1,0,0,0
481,1,No,11,3,1,80,1,16,2,3,13,9,1,12
482,4,No,11,3,3,80,0,15,2,3,3,2,1,2
483,4,No,13,3,3,80,1,10,3,3,7,7,1,7
484,1,No,24,4,3,80,0,3,3,2,3,2,2,2
485,4,Yes,13,3,2,80,0,1,2,3,1,0,0,0
486,3,No,20,4,2,80,1,17,3,3,5,4,0,3
487,3,No,14,3,3,80,0,7,2,4,1,0,0,0
488,1,Yes,18,3,3,80,0,8,5,3,8,7,7,7
491,4,No,15,3,4,80,0,20,2,3,4,3,1,3
492,3,Yes,12,3,1,80,2,8,6,3,6,4,1,0
493,3,No,16,3,4,80,0,3,5,3,2,2,2,2
494,3,Yes,15,3,4,80,0,1,0,3,1,0,0,0
495,4,No,16,3,4,80,0,6,4,3,3,2,1,2
496,3,No,19,3,3,80,0,10,5,3,1,1,0,0
497,4,No,11,3,2,80,1,5,2,3,5,2,0,4
498,2,No,16,3,4,80,0,7,1,3,7,5,0,7
499,2,No,24,4,3,80,0,26,2,3,5,2,0,0
500,3,No,11,3,3,80,1,18,2,2,7,7,0,7
501,4,No,13,3,2,80,1,6,3,3,2,2,2,2
502,1,Yes,13,3,2,80,0,9,3,2,5,2,0,4
505,3,No,13,3,3,80,0,30,2,3,5,4,1,2
507,4,No,12,3,4,80,1,5,2,4,5,2,0,3
508,3,No,18,3,1,80,1,1,3,3,1,0,0,0
510,3,Yes,22,4,3,80,0,7,2,3,6,4,0,4
511,1,No,13,3,4,80,1,2,1,3,2,1,1,2
513,2,No,13,3,2,80,2,10,2,3,10,9,9,0
514,3,Yes,23,4,3,80,0,3,4,3,1,0,0,0
515,4,No,12,3,3,80,1,18,2,2,18,7,12,17
516,4,No,12,3,3,80,2,8,5,3,5,4,1,3
517,2,No,16,3,2,80,1,8,5,3,5,2,1,2
518,3,No,12,3,4,80,0,18,2,2,1,0,0,1
520,1,No,11,3,3,80,1,25,3,3,25,10,3,9
521,2,No,22,4,2,80,1,20,3,3,1,0,0,0
522,1,No,11,3,3,80,1,24,4,2,4,2,1,2
523,3,No,15,3,1,80,1,6,3,3,3,2,1,2
524,2,No,12,3,2,80,1,13,5,1,13,10,3,12
525,4,No,20,4,1,80,1,8,1,3,3,2,1,2
526,3,No,14,3,4,80,0,8,3,3,5,2,0,2
527,2,No,11,3,2,80,0,5,3,3,5,4,1,3
529,2,No,15,3,1,80,2,15,2,3,13,11,10,7
530,4,No,12,3,3,80,1,4,3,3,4,2,3,2
531,2,No,14,3,3,80,1,21,3,3,21,8,1,6
532,3,No,11,3,4,80,3,36,0,2,7,7,7,7
533,2,No,11,3,2,80,0,6,6,3,5,4,4,4
534,2,No,16,3,3,80,1,10,2,3,10,7,0,7
536,3,No,12,3,4,80,1,10,2,3,10,0,1,8
538,1,Yes,13,3,3,80,1,6,5,3,2,2,0,2
543,4,No,14,3,3,80,0,28,4,3,5,4,0,4
544,1,No,21,4,4,80,2,8,3,2,2,2,0,2
546,4,No,13,3,4,80,0,31,2,1,5,2,1,4
547,1,No,11,3,2,80,1,19,3,3,5,4,0,2
548,3,No,20,4,3,80,0,11,2,3,5,4,0,2
549,1,No,11,3,4,80,0,33,5,1,29,8,11,10
550,3,No,14,3,3,80,1,19,5,2,10,7,0,8
551,4,No,11,3,4,80,3,7,4,4,6,5,0,4
554,1,Yes,16,3,2,80,0,6,4,3,5,3,1,4
555,4,Yes,16,3,4,80,1,3,3,2,2,2,1,0
556,4,No,23,4,3,80,1,1,3,3,1,0,0,0
558,3,No,14,3,4,80,0,21,2,3,20,15,1,12
560,1,No,22,4,2,80,2,3,3,1,3,2,0,2
562,3,No,15,3,3,80,1,9,3,1,5,3,1,4
564,2,No,18,3,3,80,0,10,2,3,10,2,0,7
565,3,Yes,16,3,2,80,0,6,2,4,2,2,1,1
566,1,Yes,12,3,3,80,0,1,3,4,1,0,0,0
567,3,No,11,3,3,80,0,10,3,3,9,8,7,8
568,1,No,12,3,3,80,1,32,3,2,1,0,0,0
569,2,No,15,3,2,80,1,28,2,3,27,10,15,7
571,3,No,14,3,3,80,0,12,2,2,11,7,6,7
573,3,No,19,3,4,80,0,22,5,4,18,13,13,11
574,1,No,13,3,3,80,3,20,2,3,5,0,0,4
575,1,No,13,3,3,80,0,26,2,1,3,2,0,1
577,4,No,15,3,3,80,0,6,2,3,5,4,4,3
578,3,No,11,3,3,80,0,19,3,3,1,0,0,0
579,4,No,12,3,3,80,1,14,3,3,7,3,5,7
580,3,No,19,3,3,80,1,15,3,3,3,2,1,2
581,3,No,25,4,4,80,1,13,6,4,13,8,0,8
582,2,Yes,12,3,4,80,0,15,2,4,7,6,7,7
584,1,Yes,13,3,1,80,3,8,2,3,4,3,1,3
585,4,No,14,3,1,80,0,4,3,3,3,2,1,2
586,4,No,12,3,3,80,0,10,2,3,8,7,0,0
587,1,Yes,12,3,1,80,0,12,2,3,1,0,0,0
590,2,Yes,15,3,3,80,3,11,2,3,3,2,0,2
591,2,No,17,3,4,80,1,8,4,3,2,2,2,0
592,2,No,14,3,4,80,0,10,3,2,10,3,9,7
593,3,Yes,16,3,3,80,0,4,3,3,2,2,1,2
595,2,No,14,3,1,80,1,14,2,3,9,7,6,7
597,1,No,23,4,4,80,0,37,2,3,10,9,7,7
599,4,No,14,3,4,80,0,16,3,3,14,3,1,10
600,2,No,11,3,3,80,0,15,2,3,11,9,6,9
601,2,No,15,3,3,80,0,22,3,3,20,6,5,13
602,3,No,11,3,1,80,1,8,3,3,8,3,0,7
604,2,No,13,3,3,80,0,10,2,4,6,5,0,5
605,4,No,21,4,4,80,1,10,5,2,10,9,5,8
606,4,No,19,3,2,80,1,9,3,4,8,7,3,7
608,2,Yes,11,3,2,80,1,8,2,2,7,7,1,0
611,4,No,12,3,2,80,2,8,2,4,3,2,1,2
612,1,No,19,3,3,80,1,10,2,3,6,1,0,5
613,3,No,21,4,3,80,1,10,3,2,5,4,0,1
614,2,Yes,14,3,4,80,0,0,3,3,0,0,0,0
615,3,No,15,3,3,80,1,20,2,3,1,0,0,1
616,1,No,17,3,1,80,0,10,3,3,8,7,0,7
618,1,No,12,3,1,80,2,8,5,3,0,0,0,0
620,1,No,16,3,4,80,0,5,3,3,5,4,0,3
621,4,No,12,3,4,80,0,10,3,3,10,7,5,7
622,3,Yes,18,3,2,80,0,1,3,1,1,0,0,0
623,2,No,17,3,4,80,0,12,3,4,6,5,1,2
624,1,No,11,3,4,80,0,28,3,2,2,2,1,2
625,2,No,16,3,2,80,1,22,2,3,18,16,11,8
626,1,No,13,3,4,80,1,9,6,3,9,5,7,7
630,4,No,12,3,2,80,2,18,3,3,10,9,6,9
631,4,Yes,12,3,4,80,0,6,2,3,4,2,1,2
632,4,No,13,3,3,80,2,3,3,3,2,2,2,1
634,3,No,19,3,3,80,1,18,4,3,1,0,0,0
635,2,No,12,3,2,80,1,8,2,2,6,5,4,3
638,4,No,17,3,3,80,1,31,5,3,31,9,0,9
639,2,No,11,3,2,80,2,6,3,3,6,5,1,4
641,1,No,20,4,4,80,2,6,5,4,5,3,1,4
643,4,No,21,4,4,80,1,1,2,3,1,0,0,0
644,1,No,11,3,3,80,1,32,2,3,32,5,10,7
645,2,No,11,3,3,80,0,7,1,3,7,4,0,6
647,1,Yes,16,3,4,80,1,6,4,3,6,3,1,2
648,2,Yes,18,3,3,80,1,1,2,4,1,0,0,0
649,2,No,13,3,4,80,1,6,3,3,6,5,1,3
650,2,Yes,17,3,3,80,0,9,2,1,3,1,1,2
652,1,No,14,3,4,80,0,9,3,3,3,2,0,2
653,1,No,22,4,4,80,2,13,4,4,7,7,5,7
655,1,No,12,3,3,80,2,6,5,2,5,3,0,3
656,4,No,11,3,3,80,1,17,3,2,3,0,1,0
657,4,No,13,3,4,80,0,1,0,4,1,0,0,0
659,3,No,13,3,2,80,2,10,4,3,10,2,2,2
661,2,No,14,3,3,80,1,21,3,2,1,0,0,0
662,3,No,17,3,4,80,0,8,3,2,0,0,0,0
663,4,No,13,3,2,80,1,10,3,3,8,7,4,7
664,4,No,11,3,1,80,1,21,3,1,3,2,0,2
665,1,No,11,3,2,80,0,10,1,4,2,2,0,2
666,3,No,18,3,4,80,2,8,3,3,8,2,0,6
667,3,Yes,11,3,2,80,1,5,3,3,4,3,0,2
669,3,No,11,3,3,80,0,3,2,3,3,2,1,2
671,4,No,12,3,1,80,1,26,2,4,2,2,0,1
675,1,No,20,4,4,80,0,3,3,3,2,2,2,2
677,3,No,12,3,4,80,0,6,3,3,5,0,1,2
679,1,No,12,3,4,80,1,6,2,2,6,4,0,5
680,3,No,20,4,3,80,1,1,2,3,1,0,0,0
682,4,No,20,4,4,80,0,18,2,4,14,7,8,10
683,2,No,12,3,4,80,1,10,4,2,10,9,8,8
684,1,Yes,14,3,4,80,2,5,4,3,1,1,0,0
686,3,No,13,3,3,80,1,3,2,3,3,2,0,2
689,3,No,15,3,3,80,1,10,2,3,10,7,7,8
690,2,No,14,3,1,80,1,6,5,2,6,0,1,2
691,2,No,13,3,2,80,0,17,3,3,17,11,11,8
692,3,No,23,4,3,80,1,15,2,1,13,11,4,7
698,3,No,15,3,3,80,1,16,1,4,9,7,7,1
699,2,No,11,3,3,80,1,13,2,3,3,2,0,2
700,1,No,13,3,4,80,0,5,0,3,4,2,1,1
701,4,Yes,11,3,4,80,0,1,5,3,1,0,1,1
702,1,Yes,11,3,1,80,0,10,3,3,10,8,9,7
704,3,No,18,3,3,80,2,1,3,3,1,0,0,0
705,1,No,16,3,1,80,1,5,3,4,3,2,0,2
707,4,No,22,4,3,80,1,4,4,3,3,2,1,2
709,4,No,20,4,1,80,0,8,2,3,7,7,0,5
710,2,No,18,3,4,80,1,10,5,3,10,7,2,8
712,2,No,12,3,4,80,0,12,3,3,2,2,2,2
714,4,No,20,4,2,80,2,6,3,3,6,5,0,4
715,4,No,17,3,1,80,0,4,2,3,1,0,0,0
716,4,No,11,3,3,80,3,20,3,3,20,8,3,8
717,4,No,14,3,2,80,0,9,3,4,8,7,7,7
720,1,Yes,14,3,1,80,0,4,3,3,2,2,2,0
721,4,No,11,3,1,80,0,20,4,3,20,7,11,10
722,4,No,12,3,4,80,0,10,2,2,10,7,0,8
723,2,Yes,14,3,1,80,1,18,4,3,4,3,1,3
724,2,No,13,3,3,80,0,10,4,2,9,7,1,8
725,3,No,11,3,4,80,0,9,3,3,9,7,0,7
727,3,No,15,3,4,80,0,10,6,3,7,7,7,7
728,4,No,12,3,4,80,0,20,2,3,7,7,1,7
729,4,No,21,4,3,80,1,20,2,3,18,13,1,12
730,3,No,19,3,3,80,0,32,3,3,5,1,1,3
731,2,No,15,3,2,80,3,23,2,2,21,6,12,6
732,1,No,14,3,4,80,0,10,1,3,2,2,2,2
733,4,No,21,4,3,80,2,9,4,2,9,7,1,7
734,4,No,12,3,2,80,1,22,3,3,22,7,2,10
738,4,No,15,3,4,80,1,4,2,3,2,2,2,2
741,1,Yes,13,3,4,80,0,10,4,3,7,7,3,7
742,1,No,14,3,1,80,1,10,2,3,8,7,0,5
743,3,No,14,3,4,80,0,10,4,4,1,0,0,0
744,1,No,14,3,3,80,0,9,5,3,5,2,1,4
746,4,No,12,3,4,80,2,28,2,2,22,2,11,13
747,3,No,23,4,4,80,1,10,2,2,8,7,7,7
749,3,No,11,3,3,80,0,1,6,3,1,0,0,0
752,3,Yes,12,3,4,80,0,7,2,3,2,2,2,2
754,4,No,18,3,3,80,1,7,5,3,2,2,2,2
757,2,No,11,3,4,80,0,10,2,3,5,1,4,3
758,2,No,14,3,4,80,1,5,2,4,4,3,0,2
760,3,No,15,3,3,80,1,12,3,1,8,3,3,6
762,3,No,11,3,3,80,0,30,1,2,10,7,1,1
763,4,No,20,4,4,80,0,5,2,2,4,2,2,3
764,4,No,19,3,1,80,0,9,2,1,7,6,0,7
766,4,No,14,3,4,80,2,2,2,3,2,2,2,2
769,4,No,17,3,4,80,0,19,4,3,2,2,2,2
771,4,No,11,3,1,80,1,16,2,4,1,0,0,0
772,1,No,15,3,4,80,2,10,2,3,10,8,4,7
773,4,No,13,3,2,80,1,6,0,1,1,0,0,1
775,2,No,14,3,3,80,1,7,3,3,0,0,0,0
776,3,No,11,3,1,80,0,34,3,4,34,6,1,16
780,4,Yes,13,3,3,80,0,10,2,2,10,9,7,8
781,3,No,23,4,2,80,0,6,5,2,6,5,1,4
783,2,No,13,3,1,80,0,9,3,3,8,7,3,1
784,1,No,18,3,4,80,0,2,3,3,2,2,0,2
785,2,Yes,12,3,4,80,0,8,2,3,5,4,1,3
786,4,No,22,4,3,80,0,6,5,3,6,5,1,4
787,4,Yes,13,3,4,80,1,24,2,3,5,2,1,4
789,1,No,15,3,2,80,0,10,1,3,10,7,0,9
791,4,No,18,3,1,80,1,5,3,3,4,3,1,2
792,1,No,14,3,1,80,1,5,2,3,2,2,2,0
793,2,No,12,3,1,80,1,11,3,2,8,7,1,1
796,4,Yes,17,3,3,80,0,6,2,2,4,3,1,2
797,2,No,16,3,3,80,0,10,2,3,4,2,1,3
799,4,No,11,3,2,80,2,9,4,3,5,3,1,4
800,3,No,19,3,2,80,1,5,3,3,4,2,1,1
802,4,No,13,3,2,80,2,6,3,2,5,3,4,3
803,1,No,12,3,4,80,0,17,2,3,15,7,4,12
804,3,No,11,3,3,80,0,6,3,3,6,5,1,3
805,1,No,16,3,2,80,1,3,1,2,3,2,0,2
806,4,No,21,4,3,80,2,7,2,3,2,2,0,2
807,3,No,24,4,4,80,1,8,2,3,8,7,3,7
808,3,No,17,3,2,80,1,6,1,3,3,2,1,2
809,2,No,13,3,2,80,1,24,4,2,24,7,14,9
811,3,Yes,21,4,3,80,2,1,2,3,0,0,0,0
812,3,No,11,3,3,80,3,1,4,3,1,0,0,0
813,4,No,20,4,2,80,1,9,3,3,5,2,1,4
815,3,No,16,3,4,80,0,30,3,3,4,3,0,3
816,2,Yes,11,3,4,80,1,1,1,3,1,0,0,0
817,3,No,11,3,4,80,0,14,3,4,13,9,3,7
819,1,Yes,15,3,3,80,0,6,3,3,3,2,0,2
820,3,No,11,3,3,80,1,26,3,2,26,14,3,0
823,3,No,15,3,1,80,1,10,2,3,9,7,0,5
824,3,No,24,4,3,80,1,10,3,3,10,7,0,7
825,4,Yes,12,3,4,80,0,40,2,3,31,15,13,8
826,4,No,13,3,3,80,0,7,0,3,2,2,2,2
827,4,No,13,3,4,80,1,8,4,3,4,3,0,2
828,3,Yes,17,3,4,80,0,5,3,2,2,2,2,1
829,3,No,13,3,2,80,1,8,2,3,5,2,0,4
830,3,No,12,3,3,80,1,14,3,3,14,13,6,8
832,1,No,14,3,4,80,0,10,6,3,1,0,0,0
833,3,No,24,4,2,80,0,12,4,2,0,0,0,0
834,2,No,14,3,4,80,0,1,3,3,1,0,0,0
836,2,No,13,3,4,80,1,10,3,2,9,8,7,8
837,1,No,15,3,3,80,1,13,3,2,4,3,1,2
838,3,No,16,3,3,80,0,6,3,3,5,2,1,3
840,3,Yes,18,3,1,80,2,9,3,4,9,8,7,7
842,3,Yes,16,3,3,80,0,12,3,2,9,7,7,3
843,2,No,24,4,3,80,1,22,3,3,4,1,1,0
844,3,No,16,3,2,80,1,9,3,3,9,8,0,8
845,3,No,21,4,2,80,0,17,3,4,8,5,1,6
846,2,No,20,4,1,80,0,8,2,3,8,7,7,5
847,3,No,19,3,3,80,1,4,1,1,3,2,0,2
848,3,Yes,14,3,1,80,1,8,2,3,8,7,1,7
850,4,No,11,3,3,80,3,0,6,2,0,0,0,0
851,1,No,14,3,3,80,1,29,2,2,20,6,4,17
852,4,No,12,3,4,80,0,10,2,2,5,2,2,3
854,1,No,13,3,3,80,0,6,3,2,4,3,0,1
855,1,No,22,4,1,80,1,9,5,3,9,8,0,8
856,3,No,11,3,4,80,0,6,3,2,6,5,1,1
857,2,No,14,3,4,80,1,18,1,2,18,14,4,11
859,2,No,11,3,3,80,1,8,3,2,5,2,0,3
861,2,No,12,3,2,80,1,10,3,2,5,4,0,3
862,1,No,18,3,4,80,1,35,3,3,5,2,0,4
864,4,No,12,3,3,80,1,18,2,3,5,4,0,2
865,3,No,12,3,3,80,1,9,3,2,5,3,1,3
867,3,No,22,4,3,80,0,31,3,3,9,8,0,0
868,4,No,19,3,4,80,2,9,2,3,1,0,0,0
869,2,No,13,3,4,80,1,6,6,3,5,1,0,4
872,4,No,22,4,1,80,2,4,2,1,2,2,2,2
874,1,No,24,4,3,80,1,10,2,2,3,2,0,2
875,2,No,14,3,4,80,0,8,2,3,2,1,2,2
878,1,No,21,4,3,80,0,6,3,3,5,4,0,3
879,3,No,18,3,4,80,0,5,3,3,5,3,0,3
880,4,No,20,4,2,80,1,17,2,3,17,14,5,15
881,4,Yes,19,3,1,80,1,10,3,2,10,2,7,8
882,4,No,12,3,2,80,1,4,2,3,3,0,0,2
885,3,No,12,3,1,80,0,5,1,4,5,2,0,3
887,3,No,16,3,2,80,1,7,2,3,4,2,0,2
888,1,No,17,3,4,80,0,6,2,2,5,2,3,4
889,2,No,14,3,4,80,1,10,3,3,10,8,5,3
893,2,No,19,3,4,80,1,3,3,3,2,2,1,2
894,3,No,13,3,2,80,1,17,1,2,5,3,1,3
895,4,No,19,3,2,80,1,8,2,3,6,4,0,2
896,2,Yes,19,3,3,80,3,5,3,3,3,2,0,2
897,1,No,14,3,3,80,1,28,3,3,2,0,2,2
899,4,No,16,3,1,80,0,16,2,3,13,10,4,8
900,3,No,15,3,2,80,1,10,3,3,5,4,0,0
901,4,No,18,3,3,80,0,33,0,3,12,9,3,8
902,4,No,13,3,2,80,1,12,2,2,5,2,2,2
903,3,No,22,4,1,80,1,8,2,3,7,6,7,7
904,1,No,13,3,4,80,0,10,2,3,10,0,0,9
905,1,No,11,3,4,80,1,31,3,3,31,6,14,7
909,4,No,11,3,3,80,2,13,2,3,5,4,0,4
910,4,No,11,3,3,80,1,7,4,4,4,3,0,3
911,1,Yes,24,4,3,80,0,1,2,1,1,0,0,1
912,1,No,14,3,3,80,3,8,5,3,4,3,0,3
913,2,No,13,3,4,80,0,8,0,3,8,7,7,1
916,1,No,14,3,2,80,0,4,3,3,4,2,0,2
918,4,Yes,14,3,4,80,1,3,3,2,1,0,0,0
920,1,No,21,4,3,80,1,4,2,4,1,0,0,0
922,3,Yes,13,3,4,80,0,2,3,2,2,2,0,2
923,4,Yes,19,3,1,80,0,1,3,2,1,0,0,0
924,3,No,17,3,1,80,1,17,2,2,16,8,4,11
925,4,No,18,3,1,80,0,3,3,2,3,2,1,2
926,2,Yes,19,3,1,80,1,4,3,4,3,2,0,2
927,2,Yes,13,3,3,80,1,10,1,2,7,7,1,0
930,3,No,18,3,2,80,1,6,2,3,2,2,2,2
932,4,Yes,21,4,4,80,0,8,2,1,2,2,2,2
933,2,No,19,3,3,80,0,1,2,3,1,1,0,0
934,2,No,14,3,2,80,2,1,3,3,1,0,1,0
936,3,No,17,3,1,80,0,10,6,3,5,4,0,3
939,3,No,11,3,2,80,0,6,1,3,3,2,0,2
940,3,No,13,3,4,80,1,24,3,3,6,0,0,4
941,2,No,15,3,2,80,0,13,2,4,7,7,5,2
942,4,No,25,4,4,80,1,10,2,1,10,6,0,7
944,1,No,11,3,3,80,1,29,3,2,26,9,1,7
945,4,No,17,3,1,80,2,13,2,2,0,0,0,0
947,4,No,13,3,4,80,1,9,2,2,9,8,0,0
949,2,No,18,3,3,80,0,8,6,3,6,2,0,1
950,4,No,13,3,2,80,1,15,3,3,15,12,5,11
951,3,No,20,4,3,80,0,5,3,3,3,0,0,2
952,3,Yes,18,3,3,80,3,1,2,3,1,0,0,0
954,1,No,12,3,2,80,1,11,2,2,1,0,0,0
956,3,No,12,3,2,80,0,7,2,3,7,7,0,7
957,4,No,13,3,3,80,0,20,3,3,18,13,2,17
958,3,No,21,4,3,80,0,16,6,3,11,8,3,9
959,4,Yes,13,3,2,80,0,1,3,4,1,0,0,0
960,1,Yes,19,3,2,80,0,1,2,3,1,0,0,0
961,4,No,11,3,3,80,2,10,2,1,9,7,8,5
964,4,No,14,3,4,80,1,3,2,3,1,1,0,0
966,3,No,12,3,3,80,1,8,2,4,8,7,6,3
967,3,Yes,11,3,1,80,1,16,6,3,16,7,3,7
969,2,No,14,3,1,80,0,6,3,3,5,0,1,4
970,1,Yes,11,3,3,80,0,17,2,1,14,1,11,7
972,3,No,12,3,2,80,0,9,5,2,9,7,0,8
974,3,No,15,3,2,80,1,3,5,3,3,1,0,2
975,3,No,16,3,2,80,0,5,3,3,5,2,1,0
976,4,No,15,3,2,80,1,26,2,2,9,8,7,8
977,4,Yes,24,4,1,80,0,7,4,3,1,0,0,0
981,3,No,13,3,3,80,1,22,3,4,17,13,15,2
982,3,No,11,3,1,80,1,10,2,4,8,4,7,7
983,3,No,13,3,2,80,0,6,1,3,5,3,1,3
984,4,No,13,3,2,80,1,12,2,3,10,9,0,8
985,1,No,18,3,4,80,0,9,3,3,8,7,0,7
986,2,Yes,16,3,4,80,0,22,2,2,1,0,0,0
987,3,No,19,3,3,80,0,20,3,4,19,10,2,7
990,1,No,13,3,4,80,2,12,3,3,7,7,0,7
991,3,Yes,22,4,1,80,0,4,0,3,3,2,1,2
992,4,No,11,3,4,80,0,10,2,3,10,8,6,0
994,4,Yes,20,4,3,80,0,3,5,3,0,0,0,0
995,2,No,18,3,1,80,0,5,4,3,3,2,0,2
996,4,No,14,3,4,80,2,8,2,3,5,3,0,2
997,4,No,22,4,3,80,1,32,1,2,5,4,1,3
998,3,No,13,3,1,80,1,6,2,3,6,5,1,2
999,1,No,17,3,2,80,1,21,2,4,18,16,0,11
1001,3,No,14,3,2,80,1,4,2,3,2,2,2,2
1002,4,No,15,3,3,80,1,9,2,3,9,8,0,8
1003,4,No,17,3,3,80,0,9,0,3,9,0,0,7
1004,1,Yes,11,3,2,80,0,7,2,3,5,2,0,1
1005,4,No,18,3,4,80,1,22,2,3,12,11,1,5
1006,3,No,17,3,2,80,1,3,0,2,2,1,0,2
1007,4,No,13,3,2,80,1,13,3,3,8,7,0,7
1009,4,No,15,3,2,80,2,5,6,3,4,2,3,2
1010,3,Yes,24,4,4,80,1,5,2,1,4,2,0,2
1011,3,No,12,3,3,80,1,4,1,3,4,3,0,3
1012,2,No,15,3,4,80,0,0,2,3,0,0,0,0
1013,3,No,11,3,3,80,1,22,2,3,10,7,0,8
1014,3,No,11,3,3,80,1,16,3,2,16,10,10,1
1015,2,No,12,3,3,80,3,9,4,2,8,7,1,7
1016,4,Yes,15,3,1,80,0,1,2,3,1,0,0,0
1017,2,Yes,17,3,1,80,0,4,3,3,3,2,1,2
1018,4,No,12,3,2,80,0,8,2,3,8,7,1,3
1019,2,No,15,3,1,80,1,4,3,2,4,3,1,1
1022,1,No,13,3,4,80,0,19,0,3,2,2,2,2
1024,3,No,14,3,2,80,0,27,3,3,15,11,4,8
1025,4,No,14,3,2,80,0,8,6,3,2,2,2,1
1026,4,No,16,3,3,80,1,21,3,3,21,6,11,8
1027,1,No,18,3,2,80,1,4,2,3,3,2,2,2
1028,2,No,20,4,1,80,1,3,4,2,3,2,1,2
1029,4,No,13,3,2,80,0,21,3,4,1,0,0,0
1030,1,No,18,3,2,80,0,8,5,3,1,0,0,0
1032,3,No,13,3,1,80,0,30,4,3,5,3,4,3
1033,1,Yes,15,3,1,80,0,15,2,1,1,0,0,0
1034,3,No,14,3,4,80,2,17,3,3,8,7,6,7
1035,2,No,22,4,2,80,2,21,3,3,21,16,5,10
1036,2,No,12,3,3,80,0,19,1,3,1,0,0,0
1037,2,Yes,18,3,4,80,0,7,6,3,2,2,2,2
1038,1,Yes,15,3,4,80,1,33,3,3,32,14,6,9
1039,4,No,18,3,3,80,1,23,2,3,12,11,11,11
1040,4,No,12,3,1,80,1,19,3,3,18,7,0,13
1042,3,Yes,16,3,3,80,0,18,1,3,17,13,15,14
1043,4,No,13,3,3,80,0,21,2,3,21,6,2,8
1044,2,No,19,3,4,80,0,3,2,2,2,2,2,2
1045,4,No,13,3,2,80,1,26,4,4,9,3,1,1
1046,4,No,12,3,2,80,0,10,2,3,8,7,7,7
1047,2,No,11,3,4,80,1,16,2,2,15,1,0,9
1048,2,No,14,3,3,80,1,14,1,1,6,4,0,4
1049,2,No,16,3,1,80,0,6,3,3,6,3,0,4
1050,3,No,12,3,1,80,1,30,2,3,15,7,6,12
1052,1,Yes,14,3,2,80,1,9,3,2,1,0,0,0
1053,1,Yes,14,3,2,80,1,6,2,3,3,2,1,2
1055,3,No,19,3,4,80,1,1,2,3,1,1,0,0
1056,4,No,22,4,2,80,0,1,5,3,1,0,0,0
1060,3,No,16,3,1,80,1,8,2,3,2,2,2,2
1061,2,No,11,3,4,80,1,29,2,2,8,1,7,7
1062,4,No,15,3,1,80,0,8,3,2,4,3,0,1
1066,3,No,14,3,2,80,1,8,3,2,7,7,7,5
1068,1,No,13,3,3,80,2,5,5,3,5,3,1,3
1069,4,No,17,3,4,80,2,23,0,3,2,2,2,2
1070,3,No,11,3,2,80,1,13,4,3,9,4,7,0
1071,1,No,19,3,2,80,1,18,4,3,5,4,0,3
1073,4,No,11,3,2,80,0,15,2,2,14,8,7,8
1074,3,No,15,3,2,80,0,31,3,4,9,7,6,2
1076,3,No,13,3,3,80,1,18,5,3,1,0,0,0
1077,4,Yes,14,3,2,80,0,2,3,3,2,2,0,2
1079,3,Yes,13,3,1,80,0,1,6,2,1,0,1,0
1080,4,No,23,4,1,80,3,19,2,3,16,13,1,7
1081,1,Yes,12,3,3,80,3,18,2,4,10,0,2,7
1082,2,Yes,12,3,1,80,0,10,2,2,10,7,1,9
1083,1,No,16,3,1,80,2,6,2,3,5,3,1,3
1084,3,No,15,3,3,80,1,7,1,2,6,2,0,2
1085,2,No,13,3,3,80,0,10,3,3,10,6,0,8
1088,3,No,18,3,1,80,1,20,4,2,19,9,1,9
1092,1,No,20,4,4,80,1,14,6,3,11,10,11,1
1094,1,No,19,3,4,80,3,3,4,3,3,2,1,2
1096,4,No,18,3,2,80,1,23,4,3,3,2,1,2
1097,3,No,13,3,4,80,0,10,4,4,8,7,1,7
1098,2,Yes,14,3,4,80,1,24,1,3,20,6,3,6
1099,4,No,15,3,3,80,1,9,2,3,3,2,1,2
1100,4,Yes,22,4,1,80,0,9,2,3,8,7,4,7
1101,1,Yes,22,4,2,80,0,14,4,3,13,7,3,8
1102,1,No,16,3,4,80,1,4,5,2,4,2,2,2
1103,1,No,17,3,3,80,0,7,1,2,6,2,0,4
1105,4,No,14,3,3,80,3,8,5,3,1,0,0,0
1106,4,Yes,15,3,2,80,1,7,3,4,7,7,5,6
1107,1,Yes,20,4,3,80,1,1,0,2,1,1,0,0
1108,1,Yes,20,4,2,80,0,5,0,3,2,2,2,2
1109,4,No,17,3,4,80,1,23,3,3,22,6,13,7
1111,1,Yes,15,3,1,80,2,1,2,3,1,0,0,0
1113,4,Yes,14,3,4,80,0,5,4,3,0,0,0,0
1114,4,No,17,3,3,80,1,4,3,3,3,2,0,2
1115,3,No,17,3,4,80,3,6,2,3,0,0,0,0
1116,1,No,22,4,3,80,0,27,3,2,5,4,2,1
1117,2,No,13,3,4,80,1,15,2,3,15,10,4,12
1118,2,No,19,3,4,80,0,18,4,3,8,6,4,0
1119,3,No,14,3,2,80,2,9,2,3,8,7,2,7
1120,3,No,22,4,1,80,1,11,1,3,7,5,1,7
1121,4,No,17,3,2,80,3,10,3,2,9,7,1,7
1124,1,No,12,3,4,80,1,23,3,3,12,9,4,9
1125,4,No,16,3,3,80,0,10,2,3,1,0,0,0
1126,3,No,11,3,3,80,1,18,1,3,8,7,0,1
1127,1,Yes,11,3,4,80,3,21,4,3,18,7,11,5
1128,3,No,14,3,1,80,0,21,2,4,20,7,4,9
1131,4,No,11,3,3,80,0,2,6,4,2,2,2,2
1132,3,No,15,3,3,80,0,9,2,2,5,4,0,3
1133,1,No,20,4,1,80,0,18,0,3,11,9,0,9
1135,3,No,12,3,1,80,1,3,4,3,2,2,2,2
1136,1,No,17,3,1,80,0,6,2,1,5,3,0,4
1137,4,No,11,3,4,80,1,5,3,3,5,2,0,2
1138,4,No,17,3,2,80,1,22,3,3,9,8,2,3
1140,4,No,11,3,4,80,0,5,3,2,3,2,0,2
1143,4,No,14,3,4,80,2,8,2,2,7,5,1,1
1148,2,No,19,3,1,80,0,16,3,3,1,0,0,0
1150,2,No,15,3,3,80,1,10,2,2,10,7,1,2
1152,3,No,13,3,4,80,1,7,2,4,7,6,5,0
1154,3,No,14,3,4,80,1,3,2,3,3,1,0,2
1156,3,Yes,12,3,4,80,0,0,0,3,0,0,0,0
1157,1,Yes,17,3,1,80,0,6,3,3,5,2,0,3
1158,2,No,11,3,1,80,1,6,4,3,1,0,0,0
1160,3,Yes,12,3,3,80,1,2,5,2,2,2,2,2
1161,3,No,13,3,3,80,2,9,2,3,6,2,1,3
1162,4,No,13,3,3,80,1,4,0,3,4,2,2,2
1163,2,No,20,4,1,80,0,6,3,2,6,5,1,3
1164,3,No,17,3,2,80,0,6,2,1,5,4,1,4
1165,4,Yes,13,3,1,80,1,11,3,1,11,8,3,10
1166,2,No,17,3,3,80,0,20,3,2,18,7,2,13
1167,3,Yes,12,3,2,80,0,22,2,2,21,9,13,14
1171,2,No,13,3,4,80,0,9,3,4,6,4,1,5
1172,4,No,12,3,2,80,1,10,2,3,8,0,1,7
1173,4,No,22,4,4,80,0,6,2,3,4,3,1,2
1175,3,Yes,11,3,4,80,0,1,4,2,1,1,0,0
1177,1,No,22,4,2,80,1,8,2,3,8,7,0,7
1179,3,No,18,3,1,80,1,10,3,3,10,3,1,4
1180,3,No,13,3,4,80,1,16,3,1,1,1,0,0
1182,3,No,18,3,2,80,1,15,2,4,7,7,6,4
1184,4,No,20,4,3,80,0,14,3,3,13,9,4,9
1185,4,No,13,3,2,80,1,2,2,4,2,2,2,2
1188,1,Yes,13,3,2,80,0,7,2,2,4,3,1,3
1190,3,No,12,3,3,80,3,1,3,3,1,0,0,0
1191,4,No,13,3,4,80,1,28,2,3,5,2,4,2
1192,2,No,13,3,1,80,1,10,5,3,10,8,0,8
1193,3,No,25,4,3,80,0,1,4,3,1,1,0,0
1195,1,No,19,3,3,80,1,7,2,2,3,2,0,2
1196,4,No,13,3,2,80,1,14,2,2,14,8,3,11
1198,1,No,12,3,1,80,0,2,2,2,2,2,1,2
1200,3,Yes,11,3,3,80,0,6,4,3,6,4,0,2
1201,4,No,18,3,2,80,1,26,6,3,7,7,4,7
1202,2,No,18,3,1,80,1,6,2,2,5,4,1,3
1203,3,Yes,11,3,2,80,1,1,5,3,0,0,0,0
1204,3,No,23,4,1,80,0,28,2,3,26,15,15,9
1206,4,No,13,3,4,80,0,6,3,3,0,0,0,0
1207,2,No,13,3,4,80,1,5,2,3,5,4,1,4
1210,1,Yes,17,3,1,80,1,5,2,1,1,0,0,0
1211,3,No,19,3,3,80,3,8,3,3,4,3,0,3
1212,2,No,12,3,4,80,3,5,2,3,0,0,0,0
1215,4,No,22,4,3,80,1,32,3,3,2,2,2,2
1216,4,No,12,3,3,80,3,6,2,3,6,5,3,3
1217,4,No,11,3,1,80,1,25,2,3,4,2,0,3
1218,3,No,15,3,4,80,3,15,2,3,7,7,1,7
1219,4,Yes,13,3,1,80,1,1,3,1,1,0,0,0
1220,2,No,12,3,1,80,1,10,3,2,10,7,0,1
1221,3,No,14,3,3,80,1,7,4,3,7,7,1,7
1224,3,No,13,3,1,80,3,10,4,2,10,7,8,9
1225,4,No,25,4,2,80,0,20,3,3,20,11,13,17
1226,3,No,17,3,4,80,0,2,2,3,2,1,2,2
1228,4,No,11,3,3,80,1,12,3,2,6,3,1,4
1231,4,No,16,3,1,80,1,10,3,4,4,3,0,3
1233,2,No,18,3,2,80,1,12,3,3,11,7,1,9
1234,3,No,20,4,3,80,1,2,2,3,2,2,2,2
1235,4,No,14,3,4,80,0,10,2,3,8,7,0,7
1237,3,No,21,4,3,80,1,17,2,3,7,7,7,7
1238,1,No,13,3,2,80,1,15,5,3,14,10,4,10
1239,2,No,12,3,2,80,1,7,2,4,5,1,1,3
1240,3,No,14,3,2,80,0,5,4,3,4,3,1,1
1241,4,No,21,4,1,80,1,12,2,3,11,9,5,7
1242,1,No,17,3,3,80,0,20,6,3,1,0,0,0
1243,3,No,11,3,2,80,1,16,6,2,13,2,4,12
1244,1,No,14,3,4,80,2,9,3,2,9,7,6,8
1245,4,No,17,3,1,80,1,33,2,1,5,4,1,4
1246,1,No,13,3,4,80,1,10,5,3,10,5,7,7
1248,1,Yes,25,4,2,80,0,1,2,4,1,1,0,0
1249,1,No,15,3,1,80,3,3,5,3,3,2,1,2
1250,4,No,14,3,1,80,0,36,2,3,10,9,0,9
1251,3,No,12,3,4,80,0,6,2,2,6,5,0,1
1252,3,No,19,3,2,80,0,10,2,3,10,9,1,8
1254,3,No,17,3,4,80,0,13,2,3,6,1,0,5
1255,3,No,14,3,2,80,1,25,2,3,8,7,0,7
1256,1,No,13,3,3,80,1,23,2,4,1,0,0,0
1257,3,No,12,3,3,80,0,12,2,2,11,10,0,7
1258,4,No,11,3,3,80,0,7,4,2,1,0,0,0
1259,1,No,11,3,2,80,3,5,2,3,5,3,0,3
1260,3,No,11,3,2,80,2,6,2,3,6,0,1,0
1263,4,No,12,3,3,80,0,25,3,4,1,0,0,0
1264,4,No,14,3,2,80,2,9,2,2,7,7,1,7
1265,3,No,17,3,4,80,0,2,5,2,1,0,0,0
1267,2,No,11,3,3,80,1,26,5,3,22,9,3,10
1268,4,No,14,3,4,80,2,10,3,3,9,8,0,8
1269,2,No,12,3,4,80,0,1,2,3,1,0,0,1
1270,4,No,22,4,4,80,1,1,2,3,1,0,0,1
1273,3,Yes,14,3,4,80,0,1,4,3,1,0,1,0
1275,3,No,20,4,2,80,0,8,2,2,8,5,2,2
1277,1,Yes,16,3,1,80,0,26,2,3,24,10,1,11
1278,4,No,15,3,4,80,1,34,3,3,33,9,15,0
1279,1,Yes,20,4,3,80,0,2,2,1,2,2,2,2
1280,4,No,14,3,3,80,1,26,2,3,11,4,0,8
1281,3,No,12,3,4,80,0,4,3,3,3,2,0,2
1282,4,No,24,4,1,80,1,31,5,2,29,10,11,10
1283,4,No,12,3,4,80,0,25,6,2,9,7,5,4
1285,3,No,13,3,3,80,2,15,2,4,11,8,5,10
1286,4,No,11,3,3,80,0,5,2,2,4,2,0,2
1288,3,No,14,3,4,80,2,26,4,2,25,9,14,13
1289,3,No,11,3,4,80,2,14,5,4,10,9,1,8
1291,3,No,14,3,4,80,0,4,3,3,3,2,2,2
1292,2,No,16,3,4,80,0,18,2,3,1,0,0,0
1293,4,No,14,3,4,80,0,23,3,4,21,7,15,17
1294,3,No,11,3,4,80,0,18,2,3,16,14,5,12
1295,1,Yes,11,3,4,80,1,10,2,3,10,7,0,5
1296,4,No,12,3,2,80,1,2,2,3,2,2,2,2
1297,2,No,14,3,2,80,0,8,6,2,7,0,7,7
1298,3,No,18,3,3,80,0,10,3,3,8,4,1,7
1299,2,Yes,13,3,1,80,2,10,2,3,7,7,7,7
1301,4,No,11,3,2,80,0,5,2,2,3,2,1,2
1303,4,No,18,3,4,80,0,2,3,2,2,2,2,1
1304,3,No,15,3,3,80,2,10,4,4,10,7,0,8
1306,2,No,22,4,3,80,0,22,4,3,0,0,0,0
1307,3,No,13,3,4,80,2,21,4,3,19,9,15,2
1308,1,No,12,3,4,80,2,2,3,3,2,2,2,2
1309,4,Yes,18,3,1,80,1,10,3,3,10,4,1,1
1310,3,Yes,13,3,1,80,0,6,2,3,5,2,0,3
1311,1,No,12,3,1,80,1,10,6,3,9,2,6,7
1312,4,No,12,3,1,80,0,10,0,3,7,7,1,7
1314,4,No,12,3,3,80,0,10,3,4,7,6,5,7
1315,3,No,11,3,1,80,3,10,6,3,9,8,7,5
1317,4,No,11,3,2,80,0,25,2,3,3,2,1,2
1318,4,Yes,12,3,3,80,0,9,2,3,5,4,1,0
1319,2,Yes,19,3,3,80,0,10,2,2,8,7,7,7
1321,2,No,23,4,4,80,2,9,2,3,9,1,0,8
1322,1,No,11,3,1,80,0,9,6,3,8,7,1,7
1324,4,No,19,3,1,80,1,10,5,2,10,8,9,6
1329,3,No,13,3,1,80,0,19,4,3,19,2,11,9
1331,4,Yes,11,3,1,80,0,3,2,4,3,2,2,2
1333,1,Yes,12,3,3,80,0,10,4,4,3,2,1,2
1334,3,No,13,3,4,80,0,21,3,2,20,8,2,10
1336,4,No,14,3,4,80,1,23,5,3,19,9,9,11
1338,4,No,14,3,1,80,0,36,4,3,7,3,7,7
1340,3,No,16,3,2,80,1,6,0,3,4,2,0,0
1344,4,No,11,3,4,80,1,10,0,2,9,7,1,6
1346,3,No,13,3,3,80,0,9,4,3,9,8,8,8
1349,3,No,17,3,4,80,1,10,2,3,9,3,1,7
1350,3,No,11,3,2,80,0,9,3,3,9,6,1,1
1352,3,No,11,3,2,80,1,33,2,3,33,9,0,10
1355,2,No,15,3,4,80,1,11,3,3,7,7,1,7
1356,3,No,12,3,4,80,0,10,6,4,10,8,9,6
1358,4,No,11,3,3,80,3,7,6,2,3,2,1,2
1360,3,Yes,14,3,4,80,0,31,0,2,10,9,5,9
1361,2,No,22,4,3,80,1,7,3,3,4,2,0,3
1362,1,No,16,3,4,80,1,17,2,2,15,7,6,13
1363,4,No,11,3,3,80,0,11,2,3,10,9,0,8
1364,3,No,14,3,2,80,1,5,4,3,1,0,0,0
1367,4,No,16,3,2,80,0,29,1,2,5,2,0,3
1368,4,No,15,3,3,80,0,0,5,4,0,0,0,0
1369,4,No,12,3,2,80,1,10,0,3,9,7,0,0
1371,4,No,20,4,2,80,0,8,3,3,6,2,0,0
1372,1,Yes,17,3,3,80,0,24,2,2,19,7,3,8
1373,4,No,12,3,1,80,1,33,0,3,19,16,15,9
1374,1,No,20,4,3,80,3,5,2,3,5,4,0,0
1375,2,No,20,4,2,80,3,15,0,3,12,11,11,8
1377,2,No,13,3,1,80,2,10,1,3,8,7,7,7
1379,3,Yes,14,3,3,80,0,3,3,4,1,0,0,0
1380,4,Yes,18,3,3,80,1,5,0,2,4,2,3,2
1382,4,No,11,3,4,80,3,4,2,3,4,2,0,3
1383,3,No,11,3,4,80,0,14,2,4,14,11,4,11
1387,3,No,11,3,3,80,1,5,0,3,5,3,0,4
1389,4,Yes,15,3,4,80,2,10,3,2,10,2,6,7
1390,1,No,12,3,4,80,2,8,2,4,5,4,1,4
1391,2,No,11,3,2,80,0,14,5,3,4,2,3,2
1392,4,No,14,3,1,80,2,12,4,2,6,2,3,3
1394,3,No,15,3,4,80,0,8,2,3,6,4,1,3
1395,2,No,13,3,1,80,0,8,2,4,5,4,1,2
1396,3,No,13,3,1,80,3,4,3,2,3,2,1,2
1397,3,No,21,4,2,80,1,13,2,3,6,4,0,5
1399,1,No,11,3,2,80,0,6,3,2,3,2,1,2
1401,4,No,11,3,2,80,1,24,3,2,5,3,0,2
1402,1,No,14,3,1,80,0,20,3,1,20,7,1,8
1403,4,No,11,3,4,80,0,6,3,3,6,2,4,4
1405,4,Yes,13,3,4,80,0,8,2,3,8,2,7,7
1407,1,No,12,3,4,80,0,5,2,3,4,3,1,1
1408,3,No,14,3,3,80,1,21,5,3,20,7,0,9
1409,3,No,13,3,3,80,0,12,2,1,5,4,0,4
1411,1,No,18,3,1,80,0,8,6,3,3,2,0,2
1412,3,No,11,3,3,80,0,10,2,3,2,2,2,2
1415,1,No,11,3,2,80,1,7,2,2,3,2,0,2
1417,3,No,12,3,4,80,0,8,2,3,7,7,0,7
1419,2,No,13,3,1,80,0,10,3,2,10,9,0,9
1420,1,Yes,20,4,1,80,0,20,2,3,4,3,1,3
1421,3,Yes,12,3,1,80,0,9,1,3,8,7,7,7
1422,4,No,19,3,4,80,0,29,3,2,20,7,12,7
1423,4,No,21,4,3,80,1,32,3,3,9,8,1,5
1424,2,No,13,3,4,80,2,31,4,4,7,7,0,0
1425,1,No,16,3,4,80,0,15,3,3,5,4,0,1
1427,2,Yes,12,3,2,80,0,1,3,3,1,0,0,0
1428,4,No,14,3,2,80,2,8,3,3,3,2,0,2
1430,1,No,11,3,3,80,0,9,3,4,3,2,1,0
1431,4,No,14,3,3,80,2,10,2,3,4,3,1,3
1433,1,Yes,12,3,3,80,0,1,3,4,1,0,0,0
1434,2,No,14,3,2,80,0,6,3,4,5,0,1,4
1435,1,No,16,3,3,80,0,10,2,2,10,4,1,8
1436,3,No,13,3,1,80,2,11,3,2,3,2,0,2
1438,1,No,12,3,3,80,1,17,2,2,6,5,1,2
1439,1,Yes,12,3,1,80,0,6,2,3,3,2,2,2
1440,3,No,14,3,1,80,0,7,2,1,6,5,1,3
1441,1,No,22,4,4,80,1,5,3,4,3,2,1,0
1443,1,No,19,3,2,80,2,26,2,4,20,17,5,6
1445,4,No,12,3,3,80,2,5,3,3,5,4,0,3
1446,4,No,12,3,3,80,1,7,3,2,4,3,0,3
1447,4,No,17,3,1,80,1,7,2,2,5,4,0,2
1448,2,No,12,3,1,80,0,7,5,2,4,2,0,3
1449,3,No,11,3,3,80,2,11,2,4,8,7,0,7
1453,1,No,18,3,1,80,1,13,5,3,13,7,9,9
1457,1,Yes,11,3,1,80,1,28,1,4,7,7,4,3
1458,1,Yes,23,4,2,80,0,11,2,4,1,0,0,0
1459,3,Yes,11,3,1,80,0,10,2,3,10,8,4,7
1460,2,No,18,3,2,80,1,24,2,3,7,7,0,7
1461,4,No,18,3,4,80,0,8,3,3,3,2,0,2
1464,2,Yes,13,3,3,80,1,7,2,1,2,2,2,2
1465,2,No,18,3,4,80,2,10,4,4,3,1,1,2
1466,3,No,11,3,1,80,3,15,3,3,2,2,2,2
1467,1,Yes,15,3,4,80,0,2,0,3,2,2,2,2
1468,4,No,11,3,3,80,1,16,5,3,9,8,4,8
1469,4,No,18,3,4,80,0,6,4,3,5,4,1,3
1471,3,No,14,3,4,80,0,7,5,3,5,2,0,3
1472,4,No,12,3,2,80,0,35,2,2,9,8,8,8
1473,1,No,14,3,2,80,1,20,0,2,3,2,1,2
1474,3,No,14,3,3,80,1,8,3,4,3,1,1,2
1475,4,No,13,3,3,80,0,6,3,2,5,2,1,3
1477,4,No,14,3,1,80,2,5,2,3,4,3,0,3
1478,4,No,18,3,4,80,0,15,2,3,13,9,3,12
1479,4,No,15,3,3,80,2,4,2,2,2,1,2,2
1480,1,No,13,3,3,80,0,12,3,3,12,9,5,8
1481,1,No,12,3,3,80,1,11,4,2,1,0,0,0
1482,3,No,13,3,2,80,2,1,2,2,1,0,0,0
1483,2,No,24,4,1,80,1,13,2,2,12,9,2,8
1484,3,No,14,3,2,80,2,29,3,3,8,7,0,7
1485,2,No,14,3,4,80,2,16,3,2,14,8,6,9
1486,1,Yes,15,3,4,80,1,5,3,4,3,2,1,2
1487,1,Yes,11,3,1,80,0,7,4,1,5,3,0,0
1489,1,Yes,23,4,3,80,0,16,2,4,15,9,10,10
1492,4,No,13,3,1,80,1,1,3,3,1,0,0,0
1494,2,Yes,11,3,3,80,0,4,2,2,0,0,0,0
1495,4,No,13,3,3,80,1,1,2,3,1,0,0,0
1496,2,No,18,3,2,80,0,16,2,2,2,2,2,2
1497,3,No,14,3,3,80,2,10,3,3,10,7,0,4
1499,3,No,21,4,1,80,1,6,3,4,5,3,1,3
1501,4,No,16,3,2,80,0,4,2,3,3,2,1,2
1502,1,No,11,3,4,80,0,8,5,3,5,4,0,2
1503,3,No,17,3,3,80,1,11,4,2,5,4,1,2
1504,3,Yes,11,3,3,80,0,8,2,2,0,0,0,0
1506,1,No,14,3,4,80,1,1,2,1,1,0,0,0
1507,3,No,14,3,4,80,0,5,5,3,4,2,1,3
1509,3,No,25,4,1,80,1,10,3,3,3,2,1,2
1513,4,No,13,3,3,80,3,4,3,3,3,2,0,2
1514,3,No,14,3,2,80,2,8,2,2,8,6,1,7
1515,4,No,17,3,1,80,0,14,6,3,0,0,0,0
1516,3,No,25,4,2,80,0,10,5,4,5,2,0,0
1520,2,No,20,4,1,80,1,26,2,3,14,9,1,12
1522,1,Yes,13,3,3,80,0,11,2,1,9,7,0,7
1523,4,No,13,3,3,80,1,24,1,4,20,6,14,17
1525,2,No,18,3,4,80,0,9,3,3,2,0,2,2
1527,3,No,12,3,4,80,1,23,2,4,13,12,5,1
1529,4,No,19,3,4,80,0,11,3,1,11,8,3,3
1533,1,No,14,3,2,80,0,5,2,3,4,3,1,2
1534,4,Yes,14,3,2,80,0,15,3,1,5,4,1,0
1535,4,No,14,3,4,80,0,10,3,3,10,9,8,6
1537,4,Yes,12,3,1,80,0,7,2,1,7,2,7,7
1539,3,No,13,3,4,80,0,32,2,3,32,6,13,9
1541,2,No,25,4,2,80,1,12,4,3,11,10,5,7
1542,3,No,14,3,2,80,1,4,3,3,1,0,0,0
1543,1,No,17,3,1,80,0,10,2,3,10,8,3,7
1544,3,No,13,3,3,80,1,9,3,3,7,7,0,7
1545,4,No,13,3,4,80,0,5,2,3,5,3,0,2
1546,4,No,20,4,4,80,1,8,3,3,5,4,0,3
1547,4,No,14,3,3,80,1,24,3,1,20,8,13,9
1548,1,No,12,3,4,80,0,9,5,4,8,4,7,1
1549,2,No,12,3,2,80,1,15,3,3,15,14,5,7
1550,3,No,21,4,4,80,0,21,2,3,21,7,7,7
1551,3,No,14,3,2,80,3,2,3,3,1,1,0,0
1552,4,No,18,3,3,80,0,8,2,3,2,2,2,2
1553,1,No,12,3,1,80,3,10,4,3,10,8,7,7
1554,2,No,23,4,1,80,2,6,5,3,5,3,4,2
1555,4,No,12,3,1,80,1,12,2,3,7,1,2,5
1556,3,No,21,4,4,80,0,7,3,2,3,2,1,2
1557,3,No,14,3,3,80,1,18,2,3,8,7,7,7
1558,3,No,18,3,1,80,2,5,2,2,1,0,0,0
1560,1,No,13,3,4,80,1,8,6,1,2,2,2,2
1562,2,Yes,11,3,4,80,1,10,4,3,10,8,6,7
1563,3,No,11,3,3,80,0,10,2,3,6,3,1,2
1564,4,No,19,3,2,80,0,3,3,3,3,0,1,2
1568,3,No,12,3,2,80,1,9,3,3,4,2,1,3
1569,1,Yes,12,3,4,80,1,1,2,3,1,0,0,0
1572,3,Yes,16,3,2,80,1,34,4,3,33,7,1,9
1573,3,Yes,11,3,1,80,2,7,2,3,5,2,1,4
1574,4,No,14,3,2,80,1,9,3,2,6,5,1,2
1576,3,No,12,3,4,80,1,10,3,2,8,2,7,6
1577,1,No,13,3,3,80,0,1,4,1,1,0,0,0
1578,3,No,21,4,3,80,1,36,3,3,36,6,2,13
1580,2,No,17,3,2,80,1,9,3,2,2,2,2,1
1581,1,No,21,4,1,80,0,1,5,3,1,0,0,0
1582,3,No,11,3,4,80,1,10,3,3,9,8,7,7
1583,2,No,12,3,2,80,0,8,5,4,3,2,1,2
1585,2,No,13,3,1,80,0,15,5,3,1,0,0,0
1586,2,No,18,3,4,80,0,10,3,3,10,9,1,5
1587,1,No,16,3,3,80,0,10,4,3,5,2,0,4
1588,4,No,11,3,1,80,1,11,3,3,7,6,7,6
1590,1,No,19,3,4,80,1,6,0,4,6,4,1,3
1591,3,No,16,3,3,80,1,27,2,3,1,0,0,0
1592,4,No,16,3,4,80,1,4,2,3,2,2,2,2
1594,1,No,13,3,4,80,1,9,3,3,3,2,0,2
1595,4,No,22,4,4,80,0,24,2,3,1,0,0,1
1596,2,No,17,3,4,80,2,10,3,2,10,9,6,8
1597,4,No,14,3,2,80,1,8,3,2,8,2,7,7
1598,4,No,15,3,3,80,1,5,2,3,5,4,1,2
1599,4,No,12,3,3,80,1,8,0,3,6,4,0,2
1601,3,No,18,3,4,80,1,1,5,2,1,0,0,1
1602,4,No,15,3,2,80,0,27,5,1,26,0,0,12
1604,3,Yes,17,3,3,80,3,1,3,3,1,1,0,0
1605,2,No,14,3,2,80,0,4,2,2,4,2,1,3
1606,2,No,15,3,3,80,1,32,3,3,30,8,12,13
1607,2,No,17,3,4,80,2,6,3,3,3,2,0,2
1608,2,No,14,3,4,80,1,23,4,2,22,7,1,10
1609,2,No,12,3,2,80,1,6,3,2,6,4,1,1
1611,3,No,14,3,1,80,0,10,3,3,10,7,1,4
1612,1,No,15,3,1,80,1,10,2,3,10,7,4,5
1613,4,No,13,3,4,80,0,10,3,3,5,2,0,3
1614,3,No,12,3,2,80,2,7,2,3,3,2,1,1
1615,3,No,13,3,1,80,1,9,3,3,9,7,7,2
1617,3,No,14,3,4,80,1,10,3,2,9,6,1,4
1618,2,No,13,3,4,80,3,10,3,3,7,7,7,7
1619,4,No,11,3,1,80,2,7,3,3,7,7,0,7
1621,2,No,11,3,4,80,0,16,2,3,16,15,1,10
1622,2,No,21,4,2,80,1,6,5,2,5,3,0,0
1623,3,No,18,3,3,80,0,3,2,3,2,2,2,2
1624,2,Yes,12,3,3,80,0,0,2,4,0,0,0,0
1625,4,No,11,3,3,80,1,27,2,3,5,2,1,0
1627,3,No,15,3,4,80,1,11,3,3,10,8,0,7
1628,1,No,13,3,4,80,2,18,2,3,18,15,14,12
1630,3,No,12,3,4,80,1,15,5,3,14,11,2,9
1631,3,No,17,3,1,80,3,9,2,2,4,3,0,2
1633,1,No,13,3,4,80,0,10,2,1,9,2,3,8
1635,4,No,19,3,1,80,2,10,3,3,10,7,3,9
1638,4,No,19,3,4,80,1,10,6,4,5,4,0,2
1639,4,Yes,17,3,3,80,0,15,3,3,13,12,6,0
1640,2,No,11,3,1,80,1,8,2,1,8,4,7,7
1641,3,No,15,3,4,80,0,18,2,2,4,2,3,3
1642,1,No,11,3,3,80,0,14,3,3,10,7,0,2
1644,3,No,25,4,2,80,1,23,3,3,2,2,2,2
1645,1,Yes,14,3,4,80,2,7,2,2,2,2,2,2
1646,1,No,13,3,3,80,0,6,2,3,6,3,1,3
1647,2,No,17,3,1,80,0,5,0,3,3,2,0,2
1648,4,No,13,3,3,80,0,6,0,2,4,2,1,2
1649,1,Yes,14,3,2,80,0,10,3,1,4,2,0,3
1650,3,No,11,3,3,80,0,8,2,3,5,2,1,4
1651,2,No,12,3,3,80,2,9,6,3,3,2,0,2
1653,4,No,17,3,3,80,2,7,6,3,7,7,0,7
1654,4,No,21,4,3,80,0,7,3,3,5,4,1,0
1655,1,No,16,3,2,80,2,27,2,3,4,2,1,2
1656,4,No,15,3,3,80,3,19,3,3,14,11,1,11
1657,3,No,19,3,1,80,0,2,3,3,2,2,2,2
1658,4,No,12,3,3,80,1,11,2,3,11,8,7,9
1659,1,No,11,3,3,80,0,15,4,3,4,3,1,3
1661,3,No,19,3,2,80,1,30,3,3,15,11,2,12
1662,4,No,15,3,3,80,0,4,6,3,3,2,1,2
1664,4,No,20,4,1,80,1,13,3,3,5,4,0,4
1665,2,No,25,4,3,80,1,36,6,3,10,8,4,7
1666,3,No,24,4,1,80,1,14,3,3,14,10,6,11
1667,4,Yes,24,4,1,80,0,13,2,4,11,9,6,7
1668,4,No,15,3,4,80,2,19,4,4,13,11,2,9
1669,1,No,13,3,2,80,1,10,3,2,10,0,0,9
1670,4,No,14,3,3,80,2,6,5,3,6,2,0,4
1671,4,No,13,3,3,80,2,10,4,2,9,5,1,6
1673,1,No,11,3,1,80,2,10,2,3,10,0,0,2
1674,4,No,16,3,2,80,1,17,2,2,2,2,2,2
1675,4,No,22,4,2,80,0,4,3,3,4,3,3,3
1676,2,No,14,3,3,80,3,29,2,3,3,2,1,2
1677,3,No,14,3,1,80,0,23,2,3,8,7,0,0
1678,4,No,16,3,4,80,0,21,2,3,2,0,0,2
1680,4,No,11,3,1,80,0,2,3,3,2,2,0,2
1681,3,No,25,4,3,80,1,7,2,3,6,5,1,2
1682,1,No,14,3,2,80,2,10,2,2,3,2,0,2
1683,3,No,18,3,1,80,3,8,2,3,2,2,2,2
1684,4,Yes,11,3,1,80,0,5,2,3,5,4,1,2
1687,4,No,19,3,4,80,1,7,5,2,0,0,0,0
1689,2,No,15,3,3,80,0,11,2,3,4,3,1,2
1691,4,Yes,11,3,3,80,2,19,3,3,9,7,7,7
1692,4,Yes,12,3,1,80,0,1,2,3,1,0,0,0
1693,4,No,20,4,3,80,0,7,5,3,7,7,5,7
1694,1,No,12,3,4,80,1,8,1,3,4,2,1,2
1696,2,No,14,3,3,80,1,15,3,4,15,10,4,13
1697,3,No,20,4,3,80,1,19,2,4,1,0,0,0
1698,2,No,18,3,4,80,3,14,6,3,14,11,2,13
1700,3,No,14,3,3,80,2,6,2,2,6,3,1,3
1701,2,No,12,3,2,80,0,10,3,3,10,9,8,7
1702,3,Yes,21,4,2,80,1,3,2,3,3,2,0,2
1703,3,No,19,3,2,80,1,9,2,3,8,7,6,7
1704,1,No,14,3,3,80,0,6,2,4,5,4,1,4
1706,4,No,17,3,1,80,1,10,3,3,10,9,8,8
1707,3,No,16,3,4,80,1,5,1,3,5,3,0,4
1708,4,No,12,3,2,80,0,10,3,3,10,8,8,7
1709,4,No,17,3,3,80,1,9,2,3,5,3,1,2
1710,3,No,15,3,3,80,0,17,2,2,13,7,6,7
1712,3,No,23,4,4,80,1,25,3,2,23,15,14,4
1714,4,Yes,11,3,3,80,1,1,2,3,1,0,0,0
1716,3,Yes,11,3,3,80,0,25,3,1,23,5,14,10
1718,4,No,15,3,3,80,3,3,3,4,3,2,0,2
1719,4,No,11,3,3,80,0,21,2,3,21,6,8,6
1720,1,No,13,3,1,80,1,10,3,2,5,2,1,3
1721,2,No,14,3,4,80,1,6,2,4,5,2,0,3
1722,3,No,19,3,2,80,1,10,4,3,3,2,1,2
1724,2,No,16,3,2,80,1,18,3,3,1,0,0,0
1725,2,No,13,3,2,80,3,6,2,4,6,2,1,2
1727,3,No,14,3,4,80,0,19,3,3,10,7,0,9
1728,4,No,16,3,2,80,1,17,3,3,7,7,0,7
1729,2,No,12,3,2,80,1,10,2,2,10,0,0,8
1731,3,No,11,3,4,80,1,4,3,1,1,0,0,0
1732,3,No,12,3,2,80,1,13,5,2,10,6,0,3
1733,2,Yes,13,3,2,80,3,16,3,3,2,2,2,2
1734,1,Yes,15,3,2,80,0,10,2,3,0,0,0,0
1735,3,No,13,3,3,80,0,3,3,1,3,2,1,2
1736,4,No,20,4,4,80,0,9,3,2,5,4,1,4
1737,4,No,15,3,4,80,1,9,2,3,9,8,5,8
1739,4,No,13,3,3,80,1,10,2,1,4,3,0,2
1740,2,No,14,3,2,80,0,21,3,2,21,8,12,8
1744,3,No,21,4,3,80,2,9,2,4,5,0,0,3
1745,4,No,16,3,4,80,0,10,2,3,9,7,0,7
1746,1,No,14,3,4,80,1,3,2,3,2,2,2,1
1747,3,Yes,11,3,3,80,1,6,0,2,4,2,1,2
1749,1,No,19,3,3,80,1,6,3,3,5,2,0,2
1751,3,No,11,3,3,80,0,6,5,2,6,2,1,4
1752,2,Yes,13,3,3,80,0,2,3,3,2,2,2,2
1753,4,No,12,3,4,80,0,10,5,4,3,2,0,2
1754,3,No,11,3,1,80,1,12,2,3,7,7,1,7
1755,4,No,14,3,1,80,3,6,3,3,5,0,1,2
1756,4,No,15,3,4,80,0,13,2,2,11,7,1,7
1757,4,No,12,3,3,80,0,8,1,4,5,1,0,4
1758,1,Yes,20,4,3,80,0,11,2,2,0,0,0,0
1760,3,No,14,3,2,80,1,9,4,2,6,1,0,5
1761,1,Yes,13,3,1,80,3,10,2,3,1,0,0,0
1762,4,No,13,3,3,80,1,1,2,3,1,0,0,0
1763,3,No,16,3,3,80,1,10,3,3,7,0,1,7
1764,2,No,14,3,2,80,0,12,3,3,7,7,0,7
1766,2,No,16,3,3,80,1,15,2,3,1,0,1,0
1767,3,Yes,16,3,4,80,1,6,4,3,1,0,0,0
1768,2,No,22,4,2,80,3,7,6,2,5,3,0,4
1770,3,No,12,3,2,80,3,34,2,3,1,0,0,0
1771,4,No,15,3,4,80,2,11,2,2,9,8,1,7
1772,3,No,20,4,2,80,2,5,2,3,5,3,0,4
1774,4,No,14,3,3,80,1,15,3,3,15,14,0,7
1775,1,No,20,4,4,80,3,27,2,2,3,2,0,2
1778,2,No,13,3,2,80,0,10,5,3,9,7,1,8
1779,4,No,12,3,1,80,0,6,3,3,2,2,2,2
1780,2,Yes,13,3,2,80,0,1,3,3,1,0,1,0
1782,4,No,11,3,2,80,1,5,3,3,5,4,0,4
1783,3,Yes,17,3,3,80,0,1,6,3,1,0,0,0
1784,1,No,14,3,1,80,2,13,3,3,12,7,5,7
1786,1,No,11,3,4,80,0,15,2,3,2,2,2,2
1787,2,No,14,3,1,80,2,5,2,3,5,2,0,3
1789,3,No,17,3,3,80,1,24,3,3,2,1,2,2
1790,4,No,13,3,4,80,1,15,1,3,12,8,5,7
1792,3,Yes,12,3,3,80,3,6,2,2,5,3,2,3
1794,3,No,13,3,3,80,0,19,4,2,10,0,4,7
1797,3,Yes,18,3,4,80,0,10,2,3,10,7,7,7
1798,4,No,19,3,2,80,1,14,1,3,10,8,7,6
1799,3,No,11,3,3,80,1,5,6,4,5,3,0,3
1800,3,No,21,4,3,80,0,9,3,3,4,3,2,2
1801,2,No,15,3,3,80,0,6,3,3,2,2,2,2
1802,3,No,17,3,4,80,1,7,5,2,4,3,0,2
1803,2,No,18,3,3,80,2,10,2,2,0,0,0,0
1804,2,No,14,3,3,80,1,15,6,3,7,7,1,7
1805,1,No,13,3,4,80,3,13,3,3,11,10,3,8
1807,4,Yes,17,3,3,80,1,11,3,2,7,1,0,7
1809,4,Yes,15,3,2,80,0,10,4,1,10,3,0,8
1812,3,No,18,3,4,80,1,7,6,3,2,1,2,2
1813,1,No,13,3,3,80,0,7,2,2,3,2,1,2
1814,2,No,12,3,1,80,0,11,3,1,3,2,1,2
1815,3,No,13,3,4,80,1,23,3,4,22,14,13,5
1816,1,No,14,3,2,80,0,9,3,3,7,7,0,2
1818,4,Yes,11,3,3,80,0,6,3,3,5,1,1,4
1821,4,Yes,22,4,4,80,1,13,2,4,9,7,3,7
1822,3,No,17,3,4,80,1,12,3,3,5,3,0,3
1823,2,No,21,4,3,80,2,10,5,3,10,8,4,8
1824,2,No,22,4,4,80,1,37,0,2,16,9,14,14
1826,2,No,16,3,2,80,1,6,2,4,5,4,0,3
1827,3,No,12,3,3,80,1,28,4,3,22,11,14,10
1829,2,No,12,3,2,80,1,15,3,3,7,4,7,7
1830,4,No,15,3,2,80,1,14,2,2,7,1,1,7
1833,1,No,14,3,4,80,2,9,3,3,3,2,2,2
1834,3,No,25,4,3,80,1,3,3,3,3,2,1,2
1835,2,No,20,4,1,80,2,20,4,2,4,2,0,3
1836,3,No,13,3,1,80,0,5,4,3,5,3,1,2
1837,1,No,14,3,2,80,0,23,3,3,2,2,2,2
1839,2,No,16,3,3,80,0,0,4,1,0,0,0,0
1842,4,Yes,17,3,3,80,0,2,4,3,1,0,0,0
1844,1,Yes,15,3,4,80,3,4,3,3,2,2,2,0
1845,3,No,22,4,2,80,2,10,3,4,8,7,5,7
1847,4,No,22,4,4,80,1,15,2,3,1,0,0,0
1849,1,No,20,4,3,80,1,7,5,3,7,7,7,7
1850,4,No,14,3,3,80,0,6,3,2,5,4,0,2
1852,4,No,13,3,2,80,0,11,3,4,11,8,3,10
1853,4,No,13,3,3,80,0,4,2,4,0,0,0,0
1854,3,No,22,4,2,80,2,10,1,2,6,3,3,3
1856,2,No,12,3,3,80,0,7,2,3,2,2,2,0
1857,4,No,14,3,3,80,1,12,4,2,9,8,4,7
1858,3,No,15,3,2,80,1,3,2,3,3,2,2,2
1859,4,No,17,3,4,80,2,11,3,3,7,0,1,6
1860,4,No,13,3,4,80,0,8,3,3,0,0,0,0
1862,3,Yes,12,3,3,80,0,7,3,2,2,2,2,2
1863,1,No,12,3,4,80,1,25,5,3,19,17,2,8
1864,2,No,21,4,4,80,1,9,5,3,9,8,5,8
1865,4,No,11,3,4,80,0,1,3,3,1,0,0,0
1866,1,No,13,3,4,80,0,21,2,3,16,12,6,14
1867,4,No,12,3,4,80,0,29,3,3,22,10,12,9
1868,4,Yes,24,4,2,80,0,1,3,2,1,0,1,0
1869,3,Yes,21,4,3,80,3,14,2,3,8,7,0,7
1870,4,No,19,3,4,80,1,8,2,2,7,6,7,3
1871,4,No,14,3,2,80,3,7,2,3,2,2,2,2
1873,2,No,20,4,2,80,1,19,2,4,5,2,0,4
1875,2,No,19,3,4,80,1,1,3,3,1,0,0,0
1876,2,Yes,13,3,3,80,0,1,3,2,1,0,0,0
1878,4,Yes,23,4,1,80,0,1,2,3,1,0,0,0
1880,2,No,13,3,1,80,1,10,4,3,10,9,1,7
1881,2,No,11,3,1,80,1,10,2,3,10,8,0,2
1882,3,No,13,3,4,80,3,9,3,3,5,3,1,0
1883,4,No,14,3,2,80,0,11,2,3,3,2,1,2
1885,4,No,22,4,3,80,1,16,2,3,5,3,0,4
1886,4,No,11,3,4,80,0,4,2,3,3,2,0,2
1888,2,No,13,3,4,80,2,10,2,2,9,8,3,8
1890,2,No,21,4,4,80,0,10,2,2,10,1,0,8
1892,1,No,11,3,1,80,1,22,3,3,19,7,11,16
1893,2,No,13,3,3,80,1,1,3,2,1,0,1,0
1898,1,No,14,3,2,80,0,9,5,2,8,7,0,7
1900,4,No,11,3,2,80,1,24,3,3,22,17,4,7
1903,2,No,15,3,4,80,1,10,5,3,2,0,2,2
1905,4,Yes,23,4,2,80,1,5,2,3,5,2,3,0
1907,1,Yes,16,3,4,80,0,5,3,3,4,2,1,0
1908,3,No,16,3,3,80,2,12,1,1,4,2,1,3
1909,3,No,21,4,3,80,1,14,3,3,5,4,1,4
1911,3,No,13,3,2,80,1,18,3,4,13,7,5,7
1912,3,No,11,3,4,80,1,8,2,3,5,2,1,4
1915,4,No,12,3,3,80,0,9,3,2,4,2,0,1
1916,1,No,12,3,2,80,1,4,0,2,2,2,2,2
1918,3,No,18,3,1,80,1,8,3,3,7,7,7,7
1922,2,No,12,3,3,80,0,12,3,3,4,2,0,3
1924,2,No,14,3,2,80,0,10,2,2,10,4,0,9
1927,3,No,12,3,3,80,1,7,2,3,7,7,0,7
1928,3,Yes,17,3,4,80,0,1,3,3,1,0,0,0
1929,1,No,19,3,3,80,1,10,1,3,3,2,1,2
1931,2,No,11,3,3,80,1,6,3,2,5,3,1,2
1932,3,No,15,3,2,80,0,16,3,3,15,10,6,11
1933,4,Yes,11,3,4,80,0,6,0,3,2,0,2,2
1934,3,No,18,3,3,80,1,16,4,4,8,7,1,7
1935,4,No,16,3,3,80,1,6,3,3,0,0,0,0
1936,1,No,25,4,4,80,1,10,3,3,10,0,7,9
1937,4,No,16,3,3,80,1,20,3,3,20,11,0,7
1938,4,No,13,3,3,80,1,29,2,2,1,0,0,0
1939,1,Yes,14,3,1,80,0,8,2,3,4,1,0,3
1940,2,No,19,3,4,80,2,10,0,4,5,2,0,3
1941,2,No,15,3,4,80,0,28,3,3,5,4,4,3
1943,2,No,12,3,3,80,2,14,4,3,0,0,0,0
1944,1,Yes,12,3,1,80,0,1,2,3,1,0,0,0
1945,2,No,16,3,4,80,1,6,2,1,5,3,0,4
1947,3,No,14,3,3,80,0,5,3,2,5,3,1,4
1948,3,No,13,3,4,80,1,4,3,4,4,2,2,3
1949,1,No,22,4,2,80,0,5,3,3,5,4,0,2
1950,1,No,21,4,1,80,0,14,3,2,14,8,2,1
1951,4,No,18,3,3,80,1,9,2,2,8,7,1,1
1952,3,No,13,3,4,80,0,8,6,2,7,7,7,6
1954,1,No,12,3,1,80,1,6,5,2,5,3,0,2
1955,3,No,18,3,2,80,1,9,6,3,5,1,1,2
1956,4,No,21,4,2,80,0,10,6,3,10,8,8,7
1960,3,Yes,12,3,1,80,1,6,2,2,4,1,0,3
1961,1,No,14,3,1,80,0,20,3,2,1,0,0,0
1962,3,No,11,3,4,80,0,10,2,3,10,8,0,9
1965,4,No,14,3,1,80,0,7,5,3,7,7,0,7
1966,4,No,24,4,2,80,0,8,1,3,1,0,0,0
1967,1,Yes,11,3,3,80,0,10,4,3,10,7,0,8
1968,1,Yes,13,3,2,80,0,15,2,2,2,2,2,2
1969,1,No,11,3,3,80,2,9,6,2,4,3,2,3
1970,4,No,20,4,3,80,3,9,2,3,9,7,2,8
1971,1,No,17,3,2,80,1,10,1,3,10,9,0,9
1972,4,No,11,3,2,80,1,7,2,3,6,2,1,2
1973,3,No,18,3,1,80,1,35,0,3,10,9,1,4
1974,4,No,11,3,3,80,3,1,4,3,1,0,0,0
1975,2,No,12,3,1,80,0,21,3,3,20,8,11,10
1976,4,No,12,3,4,80,0,20,2,3,20,9,3,7
1979,3,No,20,4,3,80,1,13,2,4,11,7,4,8
1980,3,No,19,3,4,80,0,9,3,3,5,2,1,4
1981,2,No,12,3,2,80,0,4,2,2,4,3,1,2
1982,4,No,13,3,3,80,0,5,6,4,5,2,1,4
1985,4,No,11,3,1,80,1,10,2,4,10,9,9,4
1986,2,No,14,3,3,80,1,15,4,3,11,8,5,10
1987,3,No,14,3,3,80,0,6,3,3,2,0,1,2
1989,4,No,13,3,3,80,0,12,6,2,12,8,1,7
1992,4,No,19,3,3,80,1,7,2,2,2,2,0,2
1993,1,No,23,4,2,80,0,25,3,3,17,14,12,11
1994,2,No,12,3,3,80,3,1,2,2,1,1,0,0
1995,4,No,15,3,1,80,2,16,3,3,15,13,5,8
1996,1,No,19,3,3,80,1,3,1,3,2,2,1,2
1997,1,No,11,3,4,80,1,10,1,3,8,3,7,7
1998,4,No,17,3,3,80,1,9,3,2,4,3,1,2
1999,4,No,22,4,1,80,1,12,3,3,5,3,1,0
2000,3,No,18,3,1,80,2,14,3,1,13,8,5,12
2003,4,No,11,3,3,80,1,5,3,3,2,2,2,2
2007,4,No,12,3,4,80,0,4,2,4,3,2,1,2
2008,2,No,19,3,2,80,0,10,5,3,10,7,0,8
2009,2,No,13,3,1,80,1,10,6,3,9,7,8,1
2010,3,No,13,3,3,80,0,6,3,3,6,2,4,1
2012,1,No,19,3,3,80,2,8,3,2,1,0,0,0
2013,2,No,14,3,2,80,1,3,2,3,2,2,2,2
2014,1,No,13,3,1,80,0,18,2,3,7,7,1,7
2015,2,No,12,3,1,80,1,20,3,3,18,16,1,11
2016,3,No,19,3,3,80,2,14,3,3,14,10,5,7
2017,3,No,25,4,1,80,1,16,2,3,16,11,6,8
2018,1,No,22,4,2,80,1,6,3,2,5,3,0,4
2019,1,No,15,3,2,80,2,16,3,2,9,8,0,0
2020,2,No,12,3,3,80,0,6,2,3,4,3,1,2
2021,3,No,11,3,4,80,0,2,6,3,2,2,1,2
2022,4,No,13,3,3,80,0,21,3,2,6,0,1,3
2023,4,Yes,19,3,1,80,1,1,3,2,1,0,1,0
2024,1,No,19,3,3,80,2,10,2,3,9,7,3,4
2025,4,No,13,3,2,80,3,18,3,3,4,2,0,2
2026,3,No,21,4,1,80,1,13,2,2,13,12,1,9
2027,1,Yes,14,3,2,80,3,4,3,4,2,2,2,2
2031,1,No,11,3,1,80,0,24,2,2,22,6,4,14
2032,4,Yes,11,3,4,80,1,14,4,1,10,9,9,8
2034,1,No,23,4,3,80,1,21,3,3,20,7,0,10
2035,4,No,21,4,4,80,2,8,2,3,8,7,1,7
2036,4,No,24,4,1,80,1,15,4,2,15,12,11,11
2037,3,No,11,3,3,80,1,14,5,3,5,4,0,4
2038,4,No,14,3,4,80,0,4,4,3,4,2,1,2
2040,3,No,16,3,3,80,0,9,2,3,9,0,1,7
2041,1,No,11,3,3,80,1,10,1,3,10,7,1,9
2044,2,Yes,12,3,4,80,2,12,3,3,6,3,0,1
2045,2,No,13,3,1,80,1,8,2,2,6,3,0,0
2046,4,No,15,3,3,80,0,8,3,3,5,3,0,1
2048,3,No,14,3,4,80,0,8,2,3,2,2,2,2
2049,3,No,14,3,4,80,2,10,2,4,10,2,0,2
2051,3,No,14,3,2,80,3,20,2,3,5,3,0,2
2052,3,No,12,3,4,80,1,4,5,3,4,3,1,1
2053,4,No,13,3,1,80,1,10,2,3,4,3,0,3
2054,4,No,14,3,2,80,0,5,3,1,5,4,0,4
2055,4,Yes,13,3,2,80,1,20,3,3,3,2,2,0
2056,2,No,11,3,1,80,1,21,2,2,20,9,9,6
2057,2,No,19,3,2,80,0,10,2,3,9,4,1,7
2060,4,No,18,3,4,80,0,5,2,3,4,2,0,0
2061,3,No,17,3,3,80,1,17,3,3,5,2,0,3
2062,4,No,15,3,1,80,1,9,5,3,7,7,1,7
2064,2,No,20,4,2,80,1,6,0,3,6,2,0,3
2065,4,No,14,3,4,80,0,17,3,2,9,6,0,8
2068,2,No,12,3,1,80,0,6,3,4,4,3,1,2
